full_name,bodytype,generation_year
Skoda Fabia II,хэтчбек 5 дв.,2007
Skoda Fabia II Рестайлинг,хэтчбек 5 дв.,2010
Skoda Fabia II,универсал 5 дв.,2007
Skoda Fabia I Рестайлинг,хэтчбек 5 дв.,2005
Skoda Fabia I,хэтчбек 5 дв.,2001
Skoda Fabia I,седан,2002
Skoda Fabia I,универсал 5 дв.,2000
Skoda Fabia II Рестайлинг,универсал 5 дв.,2010
Skoda Fabia I Рестайлинг,универсал 5 дв.,2005
Skoda Fabia RS II,универсал 5 дв.,2010
Skoda Fabia RS II,хэтчбек 5 дв.,2011
Skoda Felicia I,хэтчбек 5 дв.,1995
Skoda Felicia I,универсал 5 дв.,1996
Skoda Felicia I Рестайлинг,хэтчбек 5 дв.,1998
Skoda Felicia I Рестайлинг,универсал 5 дв.,1998
Skoda Forman I,универсал 5 дв.,1994
Skoda Karoq I,внедорожник 5 дв.,2020
Skoda Kodiaq I,внедорожник 5 дв.,2017
Skoda Octavia II (A5) Рестайлинг,лифтбек,2008
Skoda Octavia III (A7) Рестайлинг,лифтбек,2017
Skoda Octavia II (A5) Рестайлинг,универсал 5 дв.,2008
Skoda Octavia IV (A8),лифтбек,2020
Skoda Octavia III (A7),универсал 5 дв.,2014
Skoda Octavia III (A7),лифтбек,2013
Skoda Octavia Scout III (A7),универсал 5 дв.,2014
Skoda Octavia II (A5),лифтбек,2005
Skoda Octavia I (A4) Рестайлинг,лифтбек,2000
Skoda Octavia I (A4) Рестайлинг,универсал 5 дв.,2000
Skoda Octavia II (A5),универсал 5 дв.,2005
Skoda Octavia Scout II (A5) Рестайлинг,универсал 5 дв.,2010
Skoda Octavia III (A7) Рестайлинг,универсал 5 дв.,2018
Skoda Octavia I (A4),лифтбек,1997
Skoda Octavia Scout II (A5),универсал 5 дв.,2008
Skoda Octavia I (A4),универсал 5 дв.,1998
Skoda Octavia RS II Рестайлинг,лифтбек,2010
Skoda Octavia RS III,лифтбек,2014
Skoda Octavia RS II,лифтбек,2007
Skoda Octavia RS III,универсал 5 дв.,2013
Skoda Rapid I Рестайлинг,лифтбек,2017
Skoda Rapid I,лифтбек,2014
Skoda Rapid II,лифтбек,2020
Skoda Roomster I Рестайлинг,компактвэн,2010
Skoda Roomster I,компактвэн,2007
Skoda Superb II,лифтбек,2008
Skoda Superb II,универсал 5 дв.,2011
Skoda Superb III,лифтбек,2015
Skoda Superb II Рестайлинг,лифтбек,2013
Skoda Superb II Рестайлинг,универсал 5 дв.,2013
Skoda Superb III Рестайлинг,лифтбек,2019
Skoda Superb I,седан,2004
Skoda Superb I Рестайлинг,седан,2006
Skoda Yeti I Рестайлинг,внедорожник 5 дв.,2013
Skoda Yeti I,внедорожник 5 дв.,2010
Audi 100 IV (C4),седан,1991
Audi 100 IV (C4),универсал 5 дв.,1991
Audi 100 III (C3) Рестайлинг,седан,1988
Audi 100 III (C3),седан,1983
Audi 100 III (C3),универсал 5 дв.,1987
Audi 200 II (C3),седан,1984
Audi 200 II (C3) Рестайлинг,седан,1989
Audi 80 IV (B3),седан,1986
Audi 80 V (B4),седан,1991
Audi 80 V (B4),универсал 5 дв.,1994
Audi 80 III (B2),седан,1985
Audi 90 II (B3),седан,1988
Audi A1 Sportback I (8X),хэтчбек 5 дв.,2012
Audi A1 I (8X),хэтчбек 3 дв.,2010
Audi A1 Sportback I (8X) Рестайлинг,хэтчбек 5 дв.,2015
Audi A2,хэтчбек 5 дв.,2000
Audi A3 III (8V) Рестайлинг,седан,2016
Audi A3 Sportback II (8P) Рестайлинг 2,хэтчбек 5 дв.,2008
Audi A3 Sportback III (8V),хэтчбек 5 дв.,2013
Audi A3 I (8L) Рестайлинг,хэтчбек 3 дв.,2001
Audi A3 III (8V),седан,2013
Audi A3 IV (8Y),седан,2021
Audi A3 I (8L),хэтчбек 3 дв.,1996
Audi A3 II (8P) Рестайлинг 2,хэтчбек 3 дв.,2008
Audi A3 Sportback II (8P) Рестайлинг 1,хэтчбек 5 дв.,2004
Audi A3 I (8L) Рестайлинг,хэтчбек 5 дв.,2000
Audi A3 Sportback IV (8Y),хэтчбек 5 дв.,2021
Audi A3 III (8V),хэтчбек 3 дв.,2012
Audi A3 Sportback III (8V) Рестайлинг,хэтчбек 5 дв.,2016
Audi A3 II (8P) Рестайлинг 1,хэтчбек 3 дв.,2005
Audi A3 II (8P) Рестайлинг 2,кабриолет,2008
Audi A3 II (8P),хэтчбек 3 дв.,2003
Audi A3 I (8L),хэтчбек 5 дв.,1999
Audi A4 I (B5),седан,1995
Audi A4 III (B7),седан,2004
Audi A4 V (B9),седан,2015
Audi A4 IV (B8),универсал 5 дв.,2008
Audi A4 IV (B8),седан,2008
Audi A4 V (B9),универсал 5 дв.,2016
Audi A4 I (B5) Рестайлинг,универсал 5 дв.,1999
Audi A4 V (B9) Рестайлинг,седан,2020
Audi A4 IV (B8) Рестайлинг,универсал 5 дв.,2012
Audi A4 IV (B8) Рестайлинг,седан,2012
Audi A4 II (B6),универсал 5 дв.,2002
Audi A4 IV (B8),универсал 5 дв.,2008
Audi A4 II (B6),седан,2001
Audi A4 V (B9) Рестайлинг,универсал 5 дв.,2020
Audi A4 III (B7),универсал 5 дв.,2005
Audi A4 I (B5),универсал 5 дв.,1997
Audi A4 I (B5) Рестайлинг,седан,1999
Audi A4 II (B6),кабриолет,2003
Audi A4 allroad IV (B8) Рестайлинг,универсал 5 дв.,2012
Audi A4 allroad V (B9),универсал 5 дв.,2016
Audi A4 allroad IV (B8),универсал 5 дв.,2009
Audi A4 allroad V (B9) Рестайлинг,универсал 5 дв.,2020
Audi A5 Sportback II (F5) Рестайлинг,лифтбек,2020
Audi A5 I (8T) Рестайлинг,купе,2011
Audi A5 Sportback I (8T) Рестайлинг,лифтбек,2011
Audi A5 II (F5),купе,2016
Audi A5 Sportback II (F5),лифтбек,2016
Audi A5 I (8T),купе,2007
Audi A5 Sportback I (8T),лифтбек,2009
Audi A5 II (F5) Рестайлинг,купе,2020
Audi A5 I (8T),кабриолет,2010
Audi A5 I (8T) Рестайлинг,кабриолет,2015
Audi A6 II (C5),седан,1997
Audi A6 II (C5),универсал 5 дв.,1998
Audi A6 V (C8),универсал 5 дв.,2018
Audi A6 IV (C7) Рестайлинг,седан,2014
Audi A6 IV (C7),седан,2011
Audi A6 II (C5) Рестайлинг,седан,2001
Audi A6 II (C5) Рестайлинг,универсал 5 дв.,2003
Audi A6 IV (C7) Рестайлинг,универсал 5 дв.,2016
Audi A6 V (C8),седан,2018
Audi A6 III (C6) Рестайлинг,универсал 5 дв.,2008
Audi A6 II (C5) Рестайлинг,универсал 5 дв.,2003
Audi A6 I (C4),седан,1995
Audi A6 III (C6) Рестайлинг,седан,2008
Audi A6 III (C6),седан,2004
Audi A6 I (C4),универсал 5 дв.,1994
Audi A6 IV (C7),универсал 5 дв.,2014
Audi A7 I (4G),лифтбек,2010
Audi A7 I (4G) Рестайлинг,лифтбек,2014
Audi A7 II (4K),лифтбек,2018
Audi A8 II (D3),седан,2002
Audi A8 I (D2),седан,1995
Audi A8 Long III (D4),седан,2010
Audi A8 Long IV (D5),седан,2018
Audi A8 I (D2) Рестайлинг,седан,1999
Audi A8 Long III (D4) Рестайлинг,седан,2013
Audi A8 Long II (D3) Рестайлинг 2,седан,2007
Audi A8 Long II (D3) Рестайлинг,седан,2006
Audi A8 III (D4),седан,2010
Audi A8 III (D4) Рестайлинг,седан,2013
Audi A8 IV (D5),седан,2017
Audi A8 II (D3) Рестайлинг 2,седан,2007
Audi A8 II (D3) Рестайлинг,седан,2005
Audi A8 Long I (D2) Рестайлинг,седан,2001
Audi A8 Long II (D3),седан,2004
Audi A6 allroad III (C7),универсал 5 дв.,2012
Audi A6 allroad III (C7) Рестайлинг,универсал 5 дв.,2015
Audi A6 allroad II (C6),универсал 5 дв.,2006
Audi A6 allroad II (C6) Рестайлинг,универсал 5 дв.,2009
Audi A6 allroad IV (C8),универсал 5 дв.,2020
Audi A6 allroad I (C5),универсал 5 дв.,2001
Audi Cabriolet,кабриолет,1998
Audi e-tron I,внедорожник 5 дв.,2018
Audi e-tron GT,седан,2022
Audi e-tron S,внедорожник 5 дв.,2021
Audi e-tron S Sportback,внедорожник 5 дв.,2020
Audi e-tron Sportback I,внедорожник 5 дв.,2020
Audi Q3 I (8U),внедорожник 5 дв.,2011
Audi Q3 II (F3),внедорожник 5 дв.,2019
Audi Q3 I (8U) Рестайлинг,внедорожник 5 дв.,2014
Audi Q3 Sportback I (F3),внедорожник 5 дв.,2020
Audi Q4 e-tron,внедорожник 5 дв.,2021
Audi Q4 Sportback e-tron,внедорожник 5 дв.,2021
Audi Q5 I (8R),внедорожник 5 дв.,2008
Audi Q5 I (8R) Рестайлинг,внедорожник 5 дв.,2012
Audi Q5 II (FY) Рестайлинг,внедорожник 5 дв.,2021
Audi Q5 II (FY),внедорожник 5 дв.,2017
Audi Q7 II (4M) Рестайлинг,внедорожник 5 дв.,2019
Audi Q7 II (4M),внедорожник 5 дв.,2015
Audi Q7 I (4L) Рестайлинг,внедорожник 5 дв.,2009
Audi Q7 I (4L),внедорожник 5 дв.,2006
Audi Q8 I,внедорожник 5 дв.,2018
Audi R8 I (Typ 42),купе,2008
Audi R8 I (Typ 42) Рестайлинг,родстер,2013
Audi RS 3 Sportback II (8V),хэтчбек 5 дв.,2015
Audi RS 3 Sportback II (8V) Рестайлинг,хэтчбек 5 дв.,2018
Audi RS 3 Sportback I (8P),хэтчбек 5 дв.,2012
Audi RS 4 III (B8),универсал 5 дв.,2013
Audi RS 4 IV (B9),универсал 5 дв.,2018
Audi RS 5 I (8T) Рестайлинг,купе,2012
Audi RS 5 II (F5),купе,2017
Audi RS 5 I (8T),купе,2011
Audi RS 6 IV (C8),универсал 5 дв.,2021
Audi RS 6 III (C7),универсал 5 дв.,2013
Audi RS 6 II (C6),седан,2008
Audi RS 6 III (C7) Рестайлинг,универсал 5 дв.,2015
Audi RS 7 Sportback I (4G) Рестайлинг,лифтбек,2015
Audi RS 7 Sportback I (4G),лифтбек,2014
Audi RS e-tron GT,седан,2021
Audi RS Q8 I,внедорожник 5 дв.,2020
Audi RS Q3 I (8U),внедорожник 5 дв.,2013
Audi RS Q3 I (8U) Рестайлинг,внедорожник 5 дв.,2015
Audi S3 III (8V),седан,2014
Audi S3 II (8P) Рестайлинг,хэтчбек 5 дв.,2010
Audi S4 III (B7),седан,2007
Audi S4 IV (B8) Рестайлинг,седан,2012
Audi S4 II (B6),универсал 5 дв.,2004
Audi S5 Sportback II (F5),лифтбек,2017
Audi S5 I (8T) Рестайлинг,лифтбек,2014
Audi S5 I (8T) Рестайлинг,купе,2012
Audi S5 I (8T),купе,2008
Audi S6 II (C5),универсал 5 дв.,2001
Audi S6 III (C6),седан,2006
Audi S7 Sportback I (4G) Рестайлинг,лифтбек,2015
Audi S8 III (D4) Рестайлинг,седан,2016
Audi S8 IV (D5),седан,2020
Audi S8 II (D3) Рестайлинг,седан,2007
Audi S8 I (D2),седан,1998
Audi S8 III (D4),седан,2012
Audi S8 I (D2) Рестайлинг,седан,1999
Audi SQ5 II (FY),внедорожник 5 дв.,2017
Audi SQ5 I (8R),внедорожник 5 дв.,2014
Audi SQ7 I (4M) Рестайлинг,внедорожник 5 дв.,2020
Audi SQ7 I (4M),внедорожник 5 дв.,2017
Audi SQ8 I (4M),внедорожник 5 дв.,2020
Audi TT III (8S),купе,2014
Audi TT II (8J),купе,2006
Audi TT I (8N),купе,1999
Audi TT I (8N) Рестайлинг,купе,2004
Audi TTS III (8S),купе,2015
Audi V8,седан,1991
Honda Accord IX,седан,2013
Honda Accord Type-S VIII,седан,2008
Honda Accord VII Рестайлинг,седан,2005
Honda Accord VIII Рестайлинг,седан,2011
Honda Accord Type-S VII Рестайлинг,седан,2006
Honda Accord VIII,седан,2008
Honda Accord VII,седан,2002
Honda Accord VIII,купе,2009
Honda Accord X,седан,2018
Honda Accord VII,купе,2003
Honda Accord VII,универсал 5 дв.,2003
Honda Accord Type-S VIII Рестайлинг,седан,2011
Honda Accord VI,купе,1999
Honda Accord VI,седан,1998
Honda Accord V,седан,1993
Honda Accord IV,седан,1990
Honda Accord US Market VII Рестайлинг,седан,2007
Honda Accord VII Рестайлинг,универсал 5 дв.,2007
Honda Accord US Market VIII,седан,2008
Honda Accord IV,универсал 5 дв.,1993
Honda Accord VIII Рестайлинг,универсал 5 дв.,2011
Honda Accord Type-S VII,седан,2005
Honda Accord VIII Рестайлинг,купе,2012
Honda Accord IX Рестайлинг,седан,2016
Honda Accord IX Рестайлинг,купе,2015
Honda Accord V,купе,1994
Honda Accord US Market VIII Рестайлинг,седан,2010
Honda Accord V,универсал 5 дв.,1995
Honda Acty III,микровэн,2012
Honda Airwave I,универсал 5 дв.,2005
Honda Airwave I Рестайлинг,универсал 5 дв.,2010
Honda Ascot II (CE),седан,1996
Honda Avancier I,универсал 5 дв.,1999
Honda Beat,родстер,1995
Honda Capa,микровэн,1998
Honda Civic VIII,хэтчбек 5 дв.,2006
Honda Civic VIII Рестайлинг,хэтчбек 5 дв.,2008
Honda Civic VIII,купе,2006
Honda Civic VIII Рестайлинг,седан,2008
Honda Civic VIII,седан,2006
Honda Civic Shuttle IV,универсал 5 дв.,1989
Honda Civic X,купе,2017
Honda Civic IX,хэтчбек 5 дв.,2012
Honda Civic VI,хэтчбек 3 дв.,1995
Honda Civic VII,хэтчбек 5 дв.,2000
Honda Civic X,седан,2016
Honda Civic V,купе,1994
Honda Civic V,седан,1992
Honda Civic VI,купе,1998
Honda Civic VII Рестайлинг,купе,2003
Honda Civic IX,седан,2012
Honda Civic X,хэтчбек 5 дв.,2016
Honda Civic VI,седан,1995
Honda Civic IX Рестайлинг,седан,2013
Honda Civic VII,седан,2000
Honda Civic VII Рестайлинг,седан,2003
Honda Civic VII,купе,2001
Honda Civic IV,хэтчбек 3 дв.,1989
Honda Civic IV,седан,1988
Honda Civic V,хэтчбек 3 дв.,1991
Honda Civic VI,хэтчбек 5 дв.,1997
Honda Civic VI,универсал 5 дв.,1998
Honda Civic VII,хэтчбек 5 дв.,2000
Honda Civic V,хэтчбек 5 дв.,1996
Honda Civic III,хэтчбек 3 дв.,1986
Honda Civic VIII,хэтчбек 3 дв.,2007
Honda Civic Ferio II,седан,1996
Honda Civic Type R VII Рестайлинг,хэтчбек 3 дв.,2003
Honda Civic Type R X,хэтчбек 5 дв.,2019
Honda Civic Type R VIII,хэтчбек 3 дв.,2007
Honda Civic Type R VIII Рестайлинг,хэтчбек 3 дв.,2008
Honda CR-V III Рестайлинг,внедорожник 5 дв.,2010
Honda CR-V IV,внедорожник 5 дв.,2012
Honda CR-V IV Рестайлинг,внедорожник 5 дв.,2015
Honda CR-V I Рестайлинг,внедорожник 5 дв.,1999
Honda CR-V I,внедорожник 5 дв.,1997
Honda CR-V III,внедорожник 5 дв.,2007
Honda CR-V II,внедорожник 5 дв.,2002
Honda CR-V V,внедорожник 5 дв.,2017
Honda CR-V II Рестайлинг,внедорожник 5 дв.,2004
Honda CR-V V Рестайлинг,внедорожник 5 дв.,2020
Honda CR-X del Sol III,родстер,1992
Honda CR-Z,хэтчбек 3 дв.,2013
Honda Crosstour I,внедорожник 5 дв.,2011
Honda Crosstour I Рестайлинг,внедорожник 5 дв.,2013
Honda e,хэтчбек 5 дв.,2020
Honda Element I,внедорожник 5 дв.,2003
Honda Fit III,хэтчбек 5 дв.,2013
Honda Fit I,хэтчбек 5 дв.,2002
Honda Fit II,хэтчбек 5 дв.,2009
Honda Fit Shuttle I Рестайлинг,универсал 5 дв.,2013
Honda FR-V,компактвэн,2006
Honda Freed I,компактвэн,2008
Honda Freed II,компактвэн,2017
Honda Freed Spike I,компактвэн,2013
Honda HR-V I,внедорожник 3 дв.,1998
Honda HR-V I Рестайлинг,внедорожник 3 дв.,2002
Honda HR-V I Рестайлинг,внедорожник 5 дв.,2002
Honda HR-V I,внедорожник 5 дв.,2000
Honda Inspire II,седан,1997
Honda Integra III,седан,1994
Honda Integra III Рестайлинг,купе,1999
Honda Integra IV,купе,2001
Honda Integra II,седан,1992
Honda Integra III Рестайлинг,седан,1999
Honda Jazz I Рестайлинг,хэтчбек 5 дв.,2005
Honda Jazz II,хэтчбек 5 дв.,2009
Honda Jazz I,хэтчбек 5 дв.,2003
Honda Jazz II Рестайлинг,хэтчбек 5 дв.,2011
Honda Legend II,седан,1992
Honda Legend III,седан,1999
Honda Life III,хэтчбек 5 дв.,2003
Honda Logo,хэтчбек 5 дв.,1996
Honda Logo,хэтчбек 3 дв.,1999
Honda Mobilio I,компактвэн,2002
Honda Mobilio Spike I Рестайлинг,компактвэн,2007
Honda N-BOX I Рестайлинг,хэтчбек 5 дв.,2016
Honda N-BOX II,хэтчбек 5 дв.,2017
Honda N-BOX Slash I,хэтчбек 5 дв.,2014
Honda N-One I,хэтчбек 5 дв.,2013
Honda N-WGN I Рестайлинг,хэтчбек 5 дв.,2016
Honda N-WGN I,хэтчбек 5 дв.,2014
Honda Odyssey V,минивэн,2015
Honda Odyssey III,компактвэн,2006
Honda Odyssey IV,компактвэн,2011
Honda Odyssey I,компактвэн,1995
Honda Odyssey II,компактвэн,2000
Honda Orthia I,универсал 5 дв.,1996
Honda Pilot II Рестайлинг,внедорожник 5 дв.,2012
Honda Pilot II,внедорожник 5 дв.,2008
Honda Pilot III,внедорожник 5 дв.,2016
Honda Pilot I,внедорожник 5 дв.,2003
Honda Prelude V,купе,1997
Honda Prelude IV,купе,1993
Honda Ridgeline I Рестайлинг,пикап двойная кабина,2010
Honda Ridgeline I,пикап двойная кабина,2005
Honda S2000 I Рестайлинг (AP2),кабриолет,2003
Honda S-MX,компактвэн,2000
Honda Shuttle I,компактвэн,1996
Honda Shuttle II,универсал 5 дв.,2015
Honda Stepwgn Spada V,минивэн,2015
Honda Stepwgn V,минивэн,2015
Honda Stepwgn Spada V Рестайлинг,минивэн,2017
Honda Stepwgn Spada IV Рестайлинг,минивэн,2012
Honda Stepwgn III,минивэн,2005
Honda Stepwgn II,минивэн,2001
Honda Stepwgn IV,минивэн,2011
Honda Stepwgn I Рестайлинг,минивэн,2000
Honda Stepwgn I,минивэн,1997
Honda Stream I,компактвэн,2001
Honda Stream II,компактвэн,2007
Honda Stream II Рестайлинг,компактвэн,2009
Honda Stream I Рестайлинг,компактвэн,2004
Honda Torneo,седан,2000
Honda Vamos Hobio,микровэн,2010
Honda Vezel I,внедорожник 5 дв.,2014
Honda Zest,хэтчбек 5 дв.,2010
Volvo 164,седан,1968
Volvo 240 Series,седан,1983
Volvo 240 Series,универсал 5 дв.,1992
Volvo 300 Series,седан,1986
Volvo 440,хэтчбек 5 дв.,1995
Volvo 460,седан,1993
Volvo 740,седан,1987
Volvo 760,седан,1986
Volvo 850,седан,1992
Volvo 940,седан,1991
Volvo 940,универсал 5 дв.,1992
Volvo 960 I Рестайлинг,седан,1994
Volvo 960 I Рестайлинг,универсал 5 дв.,1994
Volvo 960 I,седан,1991
Volvo C30 I,хэтчбек 3 дв.,2007
Volvo C30 I Рестайлинг,хэтчбек 3 дв.,2010
Volvo C70 I,купе,1998
Volvo C70 II,кабриолет,2008
Volvo C70 I,кабриолет,2004
Volvo S40 II Рестайлинг,седан,2007
Volvo S40 II,седан,2004
Volvo S40 I Рестайлинг,седан,1999
Volvo S40 I,седан,1997
Volvo S60 I Рестайлинг,седан,2004
Volvo S60 II Рестайлинг,седан,2013
Volvo S60 II,седан,2010
Volvo S60 I,седан,2002
Volvo S60 III,седан,2019
Volvo S60 Cross Country,седан,2018
Volvo S70,седан,1997
Volvo S80 I,седан,1998
Volvo S80 II,седан,2006
Volvo S80 I Рестайлинг,седан,2003
Volvo S80 II Рестайлинг 2,седан,2013
Volvo S80 II Рестайлинг,седан,2010
Volvo S90 II,седан,2016
Volvo S90 II Рестайлинг,седан,2020
Volvo S90 I,седан,1997
Volvo V40 II,хэтчбек 5 дв.,2014
Volvo V40 II Рестайлинг,хэтчбек 5 дв.,2017
Volvo V40 I,универсал 5 дв.,1997
Volvo V40 I Рестайлинг,универсал 5 дв.,1999
Volvo V40 Cross Country I Рестайлинг,хэтчбек 5 дв.,2016
Volvo V40 Cross Country I,хэтчбек 5 дв.,2013
Volvo V50 I Рестайлинг,универсал 5 дв.,2007
Volvo V50 I,универсал 5 дв.,2005
Volvo V60 I Рестайлинг,универсал 5 дв.,2016
Volvo V60 I,универсал 5 дв.,2011
Volvo V60 II,универсал 5 дв.,2019
Volvo V60 Cross Country I,универсал 5 дв.,2015
Volvo V60 Cross Country II,универсал 5 дв.,2019
Volvo V70 XC I,универсал 5 дв.,1999
Volvo V70 II,универсал 5 дв.,2002
Volvo V70 II Рестайлинг,универсал 5 дв.,2004
Volvo V70 III,универсал 5 дв.,2009
Volvo V70 I,универсал 5 дв.,1997
Volvo V90 II,универсал 5 дв.,2018
Volvo V90 Cross Country I,универсал 5 дв.,2017
Volvo V90 Cross Country I Рестайлинг,универсал 5 дв.,2020
Volvo XC40 I,внедорожник 5 дв.,2018
Volvo XC60 II,внедорожник 5 дв.,2018
Volvo XC60 I,внедорожник 5 дв.,2008
Volvo XC60 I Рестайлинг,внедорожник 5 дв.,2013
Volvo XC60 II Рестайлинг,внедорожник 5 дв.,2021
Volvo XC70 II Рестайлинг,универсал 5 дв.,2013
Volvo XC70 I,универсал 5 дв.,2001
Volvo XC70 II,универсал 5 дв.,2007
Volvo XC70 I Рестайлинг,универсал 5 дв.,2005
Volvo XC90 II,внедорожник 5 дв.,2015
Volvo XC90 I Рестайлинг,внедорожник 5 дв.,2006
Volvo XC90 II Рестайлинг,внедорожник 5 дв.,2019
Volvo XC90 I,внедорожник 5 дв.,2002
BMW 1 серии I (E81/E82/E87/E88),хэтчбек 5 дв.,2005
BMW 1 серии II (F20/F21) Рестайлинг,хэтчбек 5 дв.,2015
BMW 1 серии II (F20/F21),хэтчбек 5 дв.,2011
BMW 1 серии II (F20/F21) Рестайлинг 2,хэтчбек 5 дв.,2017
BMW 1 серии I (E81/E82/E87/E88) Рестайлинг,хэтчбек 3 дв.,2007
BMW 1 серии I (E81/E82/E87/E88) Рестайлинг,хэтчбек 5 дв.,2007
BMW 1 серии II (F20/F21),хэтчбек 3 дв.,2012
BMW 1 серии II (F20/F21) Рестайлинг 2,седан,2019
BMW 1 серии I (E81/E82/E87/E88) Рестайлинг,купе,2008
BMW 1 серии I (E81/E82/E87/E88) Рестайлинг,кабриолет,2008
BMW 1 серии I (E82/E88) Рестайлинг 2,купе,2011
BMW 2 серии Active Tourer F45,компактвэн,2017
BMW 2 серии Active Tourer F45 Рестайлинг,компактвэн,2018
BMW 2 серии Gran Coupe F44,седан,2020
BMW 2 серии F22,купе,2014
BMW 2 серии F22 Рестайлинг,купе,2018
BMW 2 серии Gran Tourer Gran Tourer F46,компактвэн,2016
BMW 2 серии Gran Tourer Gran Tourer F46 Рестайлинг,компактвэн,2018
BMW 321 I,седан 2 дв.,1939
BMW 327,купе,1939
BMW 340 I,седан,1949
BMW 3 серии VII (G2x),седан,2018
BMW 3 серии III (E36),седан,1991
BMW 3 серии IV (E46),седан,1998
BMW 3 серии VI (F3x),седан,2011
BMW 3 серии Gran Turismo VI (F3x) Рестайлинг,лифтбек,2016
BMW 3 серии VI (F3x) Рестайлинг,седан,2015
BMW 3 серии VI (F3x) Рестайлинг,универсал 5 дв.,2016
BMW 3 серии Gran Turismo VI (F3x),лифтбек,2013
BMW 3 серии V (E90/E91/E92/E93),седан,2005
BMW 3 серии I (E21),седан 2 дв.,1977
BMW 3 серии V (E90/E91/E92/E93) Рестайлинг,седан,2008
BMW 3 серии Compact IV (E46) Рестайлинг,хэтчбек 3 дв.,2001
BMW 3 серии II (E30),седан,1985
BMW 3 серии IV (E46) Рестайлинг,седан,2001
BMW 3 серии V (E90/E91/E92/E93),купе,2006
BMW 3 серии V (E90/E91/E92/E93),кабриолет,2007
BMW 3 серии V (E90/E91/E92/E93) Рестайлинг,купе,2010
BMW 3 серии IV (E46),купе,1999
BMW 3 серии III (E36),купе,1992
BMW 3 серии IV (E46),универсал 5 дв.,2001
BMW 3 серии V (E90/E91/E92/E93),универсал 5 дв.,2006
BMW 3 серии II (E30),купе,1985
BMW 3 серии III (E36),универсал 5 дв.,1996
BMW 3 серии IV (E46) Рестайлинг,универсал 5 дв.,2002
BMW 3 серии IV (E46) Рестайлинг,купе,2003
BMW 3 серии V (E90/E91/E92/E93) Рестайлинг,кабриолет,2011
BMW 3 серии V (E90/E91/E92/E93) Рестайлинг,универсал 5 дв.,2008
BMW 3 серии II (E30),универсал 5 дв.,1988
BMW 3 серии Compact III (E36),хэтчбек 3 дв.,1997
BMW 4 серии Gran Coupe F32/F33/F36,лифтбек,2014
"BMW 4 серии G22, G23",купе,2020
"BMW 4 серии G22, G23",кабриолет,2021
BMW 4 серии F32/F33/F36 Рестайлинг,купе,2017
BMW 4 серии F32/F33/F36,купе,2013
BMW 4 серии Gran Coupe F32/F33/F36 Рестайлинг,лифтбек,2017
BMW 4 серии F32/F33/F36 Рестайлинг,кабриолет,2017
"BMW 4 серии Gran Coupe G22, G23",лифтбек,2021
BMW 4 серии F32/F33/F36,кабриолет,2014
BMW 5 серии III (E34),седан,1988
BMW 5 серии IV (E39) Рестайлинг,седан,2000
BMW 5 серии VII (G30/G31),седан,2017
BMW 5 серии Gran Turismo VI (F10/F11/F07),лифтбек,2009
BMW 5 серии VI (F10/F11/F07),седан,2010
BMW 5 серии II (E28),седан,1983
BMW 5 серии III (E34),универсал 5 дв.,1992
BMW 5 серии IV (E39),седан,1995
BMW 5 серии V (E60/E61) Рестайлинг,седан,2007
BMW 5 серии V (E60/E61),седан,2003
BMW 5 серии VII (G30/G31) Рестайлинг,седан,2020
BMW 5 серии VI (F10/F11/F07) Рестайлинг,седан,2013
BMW 5 серии VII (G30/G31),универсал 5 дв.,2017
BMW 5 серии VI (F10/F11/F07) Рестайлинг,универсал 5 дв.,2016
BMW 5 серии Gran Turismo VI (F10/F11/F07) Рестайлинг,лифтбек,2013
BMW 5 серии IV (E39),универсал 5 дв.,1998
BMW 5 серии VI (F10/F11/F07),универсал 5 дв.,2011
BMW 5 серии V (E60/E61) Рестайлинг,универсал 5 дв.,2007
BMW 5 серии Long VI (F10/F11/F07),седан,2010
BMW 5 серии Long VI (F10/F11/F07) Рестайлинг,седан,2013
BMW 5 серии V (E60/E61),универсал 5 дв.,2004
BMW 5 серии IV (E39) Рестайлинг,универсал 5 дв.,2001
BMW 600,хэтчбек 3 дв.,1959
BMW 6 серии Gran Turismo IV (G32),лифтбек,2017
BMW 6 серии Gran Coupe III (F06/F13/F12),седан,2012
BMW 6 серии Gran Turismo IV (G32) Рестайлинг,лифтбек,2020
BMW 6 серии III (F06/F13/F12),купе,2011
BMW 6 серии III (F06/F13/F12) Рестайлинг,купе,2015
BMW 6 серии II (E63/E64) Рестайлинг,купе,2007
BMW 6 серии Gran Coupe III (F06/F13/F12) Рестайлинг,седан,2015
BMW 6 серии II (E63/E64),кабриолет,2005
BMW 6 серии III (F06/F13/F12),кабриолет,2011
BMW 6 серии II (E63/E64),купе,2004
BMW 7 серии II (E32),седан,1987
BMW 7 серии III (E38),седан,1994
BMW 7 серии Long VI (G11/G12) Рестайлинг,седан,2019
BMW 7 серии Long VI (G11/G12),седан,2015
BMW 7 серии Long V (F01/F02/F04),седан,2008
BMW 7 серии Long IV (E65/E66),седан,2001
BMW 7 серии Long V (F01/F02/F04) Рестайлинг,седан,2012
BMW 7 серии V (F01/F02/F04),седан,2008
BMW 7 серии VI (G11/G12),седан,2015
BMW 7 серии VI (G11/G12) Рестайлинг,седан,2019
BMW 7 серии Long III (E38),седан,1996
BMW 7 серии V (F01/F02/F04) Рестайлинг,седан,2012
BMW 7 серии IV (E65/E66),седан,2001
BMW 7 серии III (E38) Рестайлинг,седан,1998
BMW 7 серии IV (E65/E66) Рестайлинг,седан,2005
BMW 7 серии Long IV (E65/E66) Рестайлинг,седан,2005
BMW 7 серии Long III (E38),седан,1996
BMW 7 серии Long III (E38) Рестайлинг,седан,1999
BMW 7 серии I (E23),седан,1986
BMW 8 серии II (G14/G15/G16),кабриолет,2018
BMW 8 серии II (G14/G15/G16),купе,2018
BMW 8 серии Gran Coupe II (G14/G15/G16),седан,2019
BMW 8 серии I (E31),купе-хардтоп,1992
BMW i3 I (I01) Рестайлинг,хэтчбек 5 дв.,2018
BMW i3 I (I01),хэтчбек 5 дв.,2014
BMW i8 I Рестайлинг,купе,2018
BMW iX I (I20),внедорожник 5 дв.,2021
BMW M2 F87 Рестайлинг,купе,2018
BMW M2 F87,купе,2017
BMW M3 VI (G80),седан,2021
BMW M3 V (F80),седан,2018
BMW M3 IV (E90),купе,2008
BMW M3 III (E46),купе,2003
BMW M3 IV (E90),кабриолет,2008
BMW M3 III (E46),кабриолет,2003
BMW M3 IV (E90),седан,2009
BMW M4 F82/F83 Рестайлинг,купе,2017
BMW M4 F82/F83,купе,2014
BMW M4 G82/G83,купе,2021
BMW M5 IV (E60/E61),седан,2005
BMW M5 VI (F90),седан,2018
BMW M5 VI (F90) Рестайлинг,седан,2020
BMW M5 V (F10) Рестайлинг,седан,2013
BMW M5 V (F10),седан,2011
BMW M5 III (E39),седан,2001
BMW M5 II (E34),седан,1991
BMW M6 III (F06/F13/F12),купе,2012
BMW M6 II (E63/E64),кабриолет,2007
BMW M6 Gran Coupe III (F06/F13/F12),седан,2014
BMW M6 II (E63/E64),купе,2006
BMW M8 Gran Coupe I (F91/F92/F93),седан,2019
BMW M8 I (F91/F92/F93),купе,2019
BMW M8 I (F91/F92/F93),кабриолет,2020
BMW X1 I (E84),внедорожник 5 дв.,2009
BMW X1 II (F48),внедорожник 5 дв.,2015
BMW X1 II (F48) Рестайлинг,внедорожник 5 дв.,2019
BMW X1 I (E84) Рестайлинг,внедорожник 5 дв.,2012
BMW X2 I (F39),внедорожник 5 дв.,2017
BMW X3 III (G01),внедорожник 5 дв.,2017
BMW X3 II (F25) Рестайлинг,внедорожник 5 дв.,2014
BMW X3 I (E83) Рестайлинг,внедорожник 5 дв.,2006
BMW X3 II (F25),внедорожник 5 дв.,2010
BMW X3 III (G01) Рестайлинг,внедорожник 5 дв.,2021
BMW X3 I (E83),внедорожник 5 дв.,2003
BMW X4 II (G02),внедорожник 5 дв.,2018
BMW X4 I (F26),внедорожник 5 дв.,2014
BMW X4 II (G02) Рестайлинг,внедорожник 5 дв.,2021
BMW X4 M I (F98),внедорожник 5 дв.,2019
BMW X5 IV (G05),внедорожник 5 дв.,2018
BMW X5 II (E70) Рестайлинг,внедорожник 5 дв.,2010
BMW X5 I (E53) Рестайлинг,внедорожник 5 дв.,2003
BMW X5 III (F15),внедорожник 5 дв.,2013
BMW X5 I (E53),внедорожник 5 дв.,2000
BMW X5 II (E70),внедорожник 5 дв.,2006
BMW X5 M III (F95),внедорожник 5 дв.,2020
BMW X5 M II (F85),внедорожник 5 дв.,2015
BMW X5 M I (E70),внедорожник 5 дв.,2009
BMW X6 I (E71),внедорожник 5 дв.,2008
BMW X6 II (F16),внедорожник 5 дв.,2014
BMW X6 I (E71) Рестайлинг,внедорожник 5 дв.,2012
BMW X6 III (G06),внедорожник 5 дв.,2019
BMW X6 M II (F86),внедорожник 5 дв.,2014
BMW X6 M III (F96),внедорожник 5 дв.,2020
BMW X6 M I (E71),внедорожник 5 дв.,2010
BMW X6 M I (E71) Рестайлинг,внедорожник 5 дв.,2012
BMW X7 I (G07),внедорожник 5 дв.,2019
BMW Z3 M I (E36),родстер,2000
BMW Z4 I (E85/E86) Рестайлинг,купе,2007
BMW Z4 I (E85/E86),родстер,2003
BMW Z4 II (E89) Рестайлинг,родстер,2015
BMW Z4 I (E85/E86) Рестайлинг,родстер,2008
BMW Z4 II (E89),родстер,2009
Nissan 100NX,купе,1991
Nissan 180SX,купе,1989
Nissan 200SX S14,купе,1998
Nissan 300ZX I (Z31),купе,1985
Nissan 350Z I,купе,2004
Nissan 350Z I Рестайлинг,купе,2008
Nissan AD I Рестайлинг,универсал 5 дв.,1999
Nissan AD II,универсал 5 дв.,1999
Nissan AD III Рестайлинг,универсал 5 дв.,2017
Nissan Almera I (N15),седан,1995
Nissan Almera I (N15),хэтчбек 3 дв.,1997
Nissan Almera I (N15),хэтчбек 5 дв.,1996
Nissan Almera II (N16) Рестайлинг,хэтчбек 5 дв.,2004
Nissan Almera III (G15),седан,2013
Nissan Almera II (N16),хэтчбек 5 дв.,2000
Nissan Almera II (N16),седан,2000
Nissan Almera II (N16) Рестайлинг,хэтчбек 3 дв.,2004
Nissan Almera II (N16) Рестайлинг,седан,2003
Nissan Almera II (N16),хэтчбек 3 дв.,2000
Nissan Almera Classic I,седан,2006
Nissan Almera Tino I,компактвэн,2001
Nissan Altima IV (L32),купе,2007
Nissan Altima III (L31) Рестайлинг,седан,2005
Nissan Avenir II (W11),универсал 5 дв.,1999
Nissan Bassara,минивэн,2000
Nissan Bluebird XI (U14),седан,2000
Nissan Bluebird Sylphy III Zero Emission,седан,2019
Nissan Bluebird Sylphy II (G11),седан,2007
Nissan Caravan III (E24),минивэн,1988
Nissan Caravan IV (E25),минивэн,2001
Nissan Cedric X (Y34),седан,2000
Nissan Cedric VI (Y30),седан,1984
Nissan Cedric IX (Y33),седан,1996
Nissan Cefiro II (A32),универсал 5 дв.,1998
Nissan Cefiro III (A33),седан,1998
Nissan Cefiro II (A32),седан,1994
Nissan Cefiro I (A31),седан,1990
Nissan NV100 Clipper III,микровэн,2017
Nissan Cube III (Z12),компактвэн,2012
Nissan Cube I (Z10),компактвэн,2000
Nissan Cube I Рестайлинг (Z10),компактвэн,2001
Nissan Cube II (Z11),компактвэн,2002
Nissan Datsun D21,пикап двойная кабина,1989
Nissan Datsun D22,пикап двойная кабина,1997
Nissan Dayz I Рестайлинг,хэтчбек 5 дв.,2017
Nissan Dayz Roox I Рестайлинг,хэтчбек 5 дв.,2016
Nissan Dualis,внедорожник 5 дв.,2007
Nissan Elgrand II (E51),минивэн,2005
Nissan Elgrand Caravan Elgrand I (E50),минивэн,1999
Nissan Elgrand III (E52),минивэн,2011
Nissan Expert,универсал 5 дв.,2001
Nissan Fuga I,седан,2005
Nissan Fuga II,седан,2013
Nissan Gloria VII (Y30),универсал 5 дв.,1989
Nissan Gloria X (Y33),седан,1995
Nissan Gloria XI (Y34),седан,2000
Nissan GT-R I,купе,2009
Nissan GT-R I Рестайлинг 2,купе,2014
Nissan GT-R I Рестайлинг 3,купе,2016
Nissan GT-R I Рестайлинг 1,купе,2011
Nissan GT-R Nismo I Рестайлинг 2,купе,2015
Nissan Juke I,внедорожник 5 дв.,2011
Nissan Juke I Рестайлинг,внедорожник 5 дв.,2014
Nissan Juke Nismo I,внедорожник 5 дв.,2013
Nissan Largo III (W30),минивэн,1993
Nissan Latio I (N17),седан,2013
Nissan Laurel VIII (C35),седан,1998
Nissan Laurel VI (C33),седан,1989
Nissan Laurel VII (C34),седан,1994
Nissan Leaf II (ZE1),хэтчбек 5 дв.,2017
Nissan Leaf I (ZE0/AZE0),хэтчбек 5 дв.,2011
Nissan Liberty,компактвэн,1999
Nissan March III (K12),хэтчбек 5 дв.,2002
Nissan March II (K11),хэтчбек 5 дв.,1998
Nissan March II (K11),хэтчбек 3 дв.,1997
Nissan Maxima V (A33),седан,1999
Nissan Maxima IV (A32),седан,1995
Nissan Maxima VI (A34),седан,2003
Nissan Maxima VII (A35),седан,2010
Nissan Maxima III (J30),седан,1992
Nissan Micra III (K12),хэтчбек 5 дв.,2003
Nissan Micra II (K11),хэтчбек 3 дв.,1995
Nissan Micra III (K12),хэтчбек 3 дв.,2003
Nissan Micra II (K11),хэтчбек 5 дв.,1997
Nissan Micra IV (K13) Рестайлинг,хэтчбек 5 дв.,2014
Nissan Murano III (Z52),внедорожник 5 дв.,2016
Nissan Murano I (Z50),внедорожник 5 дв.,2002
Nissan Murano II (Z51) Рестайлинг 2,внедорожник 5 дв.,2012
Nissan Murano II (Z51) Рестайлинг,внедорожник 5 дв.,2010
Nissan Murano II (Z51),внедорожник 5 дв.,2008
Nissan Navara (Frontier) III (D40) Рестайлинг,пикап двойная кабина,2010
Nissan Navara (Frontier) III (D40),пикап двойная кабина,2006
Nissan Navara (Frontier) III (D40) Рестайлинг,пикап одинарная кабина,2011
Nissan Navara (Frontier) II (D22),пикап двойная кабина,2003
Nissan Note I,хэтчбек 5 дв.,2005
Nissan Note I Рестайлинг,хэтчбек 5 дв.,2008
Nissan Note II Рестайлинг,хэтчбек 5 дв.,2016
Nissan Note II,хэтчбек 5 дв.,2012
Nissan NV200,минивэн,2012
Nissan Pathfinder III Рестайлинг,внедорожник 5 дв.,2010
Nissan Pathfinder IV,внедорожник 5 дв.,2014
Nissan Pathfinder III,внедорожник 5 дв.,2005
Nissan Pathfinder I,внедорожник 5 дв.,1994
Nissan Patrol VI (Y62),внедорожник 5 дв.,2010
Nissan Patrol V (Y61) Рестайлинг,внедорожник 5 дв.,2004
Nissan Patrol VI (Y62) Рестайлинг,внедорожник 5 дв.,2014
Nissan Patrol V (Y61),внедорожник 5 дв.,1998
Nissan Patrol IV (Y60),внедорожник 5 дв.,1988
"Nissan Patrol III (K160, K260)",внедорожник 3 дв.,1985
Nissan Prairie III (M12),компактвэн,2000
Nissan Presage I,минивэн,1998
Nissan Presage II,минивэн,2008
Nissan Presea I,седан,1993
"Nissan President I (150, 250)",седан,1979
Nissan Primastar I,минивэн,2004
Nissan Primera III (P12),седан,2001
Nissan Primera I (P10),седан,1991
Nissan Primera II (P11),седан,1997
Nissan Primera II (P11) Рестайлинг,лифтбек,1999
Nissan Primera II (P11) Рестайлинг,седан,1999
Nissan Primera II (P11),универсал 5 дв.,1996
Nissan Primera III (P12),лифтбек,2004
Nissan Primera II (P11),лифтбек,1996
Nissan Primera III (P12),универсал 5 дв.,2001
Nissan Primera II (P11) Рестайлинг,универсал 5 дв.,1999
Nissan Primera I (P10),лифтбек,1991
Nissan Primera I (P10),универсал 5 дв.,1996
Nissan Pulsar V (N15),хэтчбек 3 дв.,1998
Nissan Pulsar V (N15),хэтчбек 5 дв.,1997
Nissan Qashqai I Рестайлинг,внедорожник 5 дв.,2010
Nissan Qashqai II Рестайлинг,внедорожник 5 дв.,2019
Nissan Qashqai II,внедорожник 5 дв.,2014
Nissan Qashqai I,внедорожник 5 дв.,2007
Nissan Qashqai+2 I Рестайлинг,внедорожник 5 дв.,2010
Nissan Qashqai+2 I,внедорожник 5 дв.,2008
Nissan R'nessa,универсал 5 дв.,1999
Nissan Rogue II Рестайлинг,внедорожник 5 дв.,2018
Nissan Rogue I Рестайлинг,внедорожник 5 дв.,2012
Nissan Sentra VII (B17),седан,2014
Nissan Serena II (C24),минивэн,1999
Nissan Serena I (C23),компактвэн,1993
Nissan Serena IV (C26),минивэн,2012
Nissan Serena III (C25),минивэн,2006
Nissan Silvia VII (S15),купе,1999
Nissan Silvia VI (S14),купе,1996
Nissan Skyline XI (V35),седан,2001
Nissan Skyline X (R34),седан,1999
Nissan Skyline X (R34),купе,1999
Nissan Skyline XII (V36),седан,2010
Nissan Skyline IX (R33),седан,1996
Nissan Skyline IX (R33),купе,1995
Nissan Skyline VI (R30),седан,1984
Nissan Skyline VIII (R32),купе,1989
Nissan Skyline V (C210),седан,1978
Nissan Sunny B14,седан,1995
Nissan Sunny B15,седан,1999
Nissan Sunny California Y10,универсал 5 дв.,1994
Nissan Sunny B12,купе,1989
Nissan Sunny N16,седан,2002
Nissan Teana II,седан,2008
Nissan Teana III,седан,2014
Nissan Teana II Рестайлинг,седан,2011
Nissan Teana I Рестайлинг,седан,2006
Nissan Teana I,седан,2004
Nissan Terrano III (D10),внедорожник 5 дв.,2014
Nissan Terrano II Рестайлинг,внедорожник 5 дв.,1996
Nissan Terrano II Рестайлинг 2,внедорожник 5 дв.,2001
Nissan Terrano II,внедорожник 3 дв.,1995
Nissan Terrano II Рестайлинг,внедорожник 3 дв.,1996
Nissan Terrano I,внедорожник 3 дв.,1988
Nissan Terrano R50,внедорожник 5 дв.,1995
Nissan Terrano II,внедорожник 5 дв.,1994
Nissan Terrano I,внедорожник 5 дв.,1988
Nissan Tiida II,хэтчбек 5 дв.,2015
Nissan Tiida I,седан,2007
Nissan Tiida I Рестайлинг,хэтчбек 5 дв.,2010
Nissan Tiida I Рестайлинг,седан,2010
Nissan Tiida I,хэтчбек 5 дв.,2004
Nissan Tino,компактвэн,1998
Nissan Titan I Рестайлинг,пикап двойная кабина,2013
Nissan Urvan III (E24),фургон,1991
Nissan Vanette IV,минивэн,2000
Nissan Vanette II,минивэн,1992
Nissan Wingroad I (Y10),универсал 5 дв.,1996
Nissan Wingroad II (Y11),универсал 5 дв.,1999
Nissan Wingroad II (Y11) Рестайлинг,универсал 5 дв.,2002
Nissan X-Trail III,внедорожник 5 дв.,2015
Nissan X-Trail III Рестайлинг,внедорожник 5 дв.,2018
Nissan X-Trail II Рестайлинг,внедорожник 5 дв.,2010
Nissan X-Trail II,внедорожник 5 дв.,2007
Nissan X-Trail I,внедорожник 5 дв.,2001
Nissan X-Trail I Рестайлинг,внедорожник 5 дв.,2003
Nissan Xterra I Рестайлинг,внедорожник 5 дв.,2002
Nissan Xterra I,внедорожник 5 дв.,2001
Infiniti EX I (J50),внедорожник 5 дв.,2008
Infiniti FX II (S51) Рестайлинг,внедорожник 5 дв.,2011
Infiniti FX I (S50) Рестайлинг,внедорожник 5 дв.,2006
Infiniti FX II (S51),внедорожник 5 дв.,2008
Infiniti FX I (S50),внедорожник 5 дв.,2003
Infiniti G II,седан,2000
Infiniti G IV,седан,2007
Infiniti G III,купе,2003
Infiniti G III,седан,2002
Infiniti G IV,купе,2008
Infiniti JX,внедорожник 5 дв.,2012
Infiniti M IV,седан,2010
Infiniti M III Рестайлинг,седан,2008
Infiniti M III,седан,2005
Infiniti Q I,седан,1994
Infiniti Q30,хэтчбек 5 дв.,2016
Infiniti Q50 I,седан,2013
Infiniti Q50 I Рестайлинг,седан,2017
Infiniti Q60 II,купе,2016
Infiniti Q70 I Рестайлинг,седан,2015
Infiniti Q70 I,седан,2014
Infiniti QX30,внедорожник 5 дв.,2016
Infiniti QX4 I,внедорожник 5 дв.,2000
Infiniti QX50 I,внедорожник 5 дв.,2013
Infiniti QX50 II,внедорожник 5 дв.,2018
Infiniti QX50 I Рестайлинг,внедорожник 5 дв.,2015
Infiniti QX56 II,внедорожник 5 дв.,2010
Infiniti QX56 I Рестайлинг,внедорожник 5 дв.,2007
Infiniti QX56 I,внедорожник 5 дв.,2004
Infiniti QX60 I Рестайлинг,внедорожник 5 дв.,2016
Infiniti QX60 I,внедорожник 5 дв.,2014
Infiniti QX70,внедорожник 5 дв.,2013
Infiniti QX80 I Рестайлинг,внедорожник 5 дв.,2014
Infiniti QX80 I,внедорожник 5 дв.,2013
Infiniti QX80 I Рестайлинг 2,внедорожник 5 дв.,2018
Infiniti QX80 I Рестайлинг 3,внедорожник 5 дв.,2020
Mercedes-Benz 190 SL R121,родстер,1960
Mercedes-Benz A-Класс III (W176) Рестайлинг,хэтчбек 5 дв.,2015
Mercedes-Benz A-Класс IV (W177),хэтчбек 5 дв.,2018
Mercedes-Benz A-Класс III (W176),хэтчбек 5 дв.,2013
Mercedes-Benz A-Класс I (W168) Рестайлинг,хэтчбек 5 дв.,2002
Mercedes-Benz A-Класс IV (W177),седан,2019
Mercedes-Benz A-Класс II (W169) Рестайлинг,хэтчбек 5 дв.,2008
Mercedes-Benz A-Класс II (W169),хэтчбек 3 дв.,2005
Mercedes-Benz A-Класс II (W169),хэтчбек 5 дв.,2004
Mercedes-Benz A-Класс I (W168),хэтчбек 5 дв.,1998
Mercedes-Benz A-Класс Long I (W168) Рестайлинг,хэтчбек 5 дв.,2002
Mercedes-Benz A-Класс AMG II (W177),хэтчбек 5 дв.,2019
Mercedes-Benz A-Класс AMG I (W176),хэтчбек 5 дв.,2014
Mercedes-Benz A-Класс AMG II (W177),седан,2020
Mercedes-Benz GLC Coupe AMG I (C253),внедорожник 5 дв.,2017
Mercedes-Benz GLC Coupe AMG I (C253) Рестайлинг,внедорожник 5 дв.,2021
Mercedes-Benz AMG GT I Рестайлинг,лифтбек,2018
Mercedes-Benz AMG GT I,купе,2014
Mercedes-Benz AMG GT I Рестайлинг,купе,2017
Mercedes-Benz B-Класс II (W246) Рестайлинг,хэтчбек 5 дв.,2014
Mercedes-Benz B-Класс I (W245) Рестайлинг,хэтчбек 5 дв.,2008
Mercedes-Benz B-Класс III (W247),хэтчбек 5 дв.,2019
Mercedes-Benz B-Класс II (W246),хэтчбек 5 дв.,2012
Mercedes-Benz B-Класс I (W245),хэтчбек 5 дв.,2005
Mercedes-Benz C-Класс III (W204) Рестайлинг,купе,2011
Mercedes-Benz C-Класс II (W203),универсал 5 дв.,2001
Mercedes-Benz C-Класс IV (W205) Рестайлинг,седан,2018
Mercedes-Benz C-Класс III (W204),седан,2006
Mercedes-Benz C-Класс IV (W205),универсал 5 дв.,2016
Mercedes-Benz C-Класс IV (W205),седан,2014
Mercedes-Benz C-Класс III (W204) Рестайлинг,седан,2011
Mercedes-Benz C-Класс IV (W205),купе,2016
Mercedes-Benz C-Класс IV (W205) Рестайлинг,купе,2018
Mercedes-Benz C-Класс II (W203) Рестайлинг,хэтчбек 3 дв.,2004
Mercedes-Benz C-Класс II (W203),седан,2000
Mercedes-Benz C-Класс I (W202),универсал 5 дв.,1996
Mercedes-Benz C-Класс II (W203) Рестайлинг,седан,2004
Mercedes-Benz C-Класс I (W202),седан,1994
Mercedes-Benz C-Класс I (W202) Рестайлинг,седан,1997
Mercedes-Benz C-Класс I (W202) Рестайлинг,универсал 5 дв.,1997
Mercedes-Benz C-Класс II (W203),хэтчбек 3 дв.,2001
Mercedes-Benz C-Класс III (W204) Рестайлинг,универсал 5 дв.,2011
Mercedes-Benz C-Класс IV (W205),универсал 5 дв.,2016
Mercedes-Benz C-Класс III (W204),универсал 5 дв.,2008
Mercedes-Benz C-Класс II (W203) Рестайлинг,универсал 5 дв.,2004
Mercedes-Benz C-Класс AMG IV (W205),седан,2015
Mercedes-Benz C-Класс AMG IV (W205),купе,2016
Mercedes-Benz C-Класс AMG IV (W205) Рестайлинг,купе,2018
Mercedes-Benz C-Класс AMG III (W204),седан,2009
Mercedes-Benz C-Класс AMG IV (W205) Рестайлинг,седан,2018
Mercedes-Benz C-Класс AMG III (W204) Рестайлинг,седан,2012
Mercedes-Benz Citan I (W415),компактвэн,2014
Mercedes-Benz Citan I (W415),фургон,2013
Mercedes-Benz CL-Класс III (C216),купе-хардтоп,2006
Mercedes-Benz CL-Класс III (C216) Рестайлинг,купе-хардтоп,2010
Mercedes-Benz CL-Класс II (C215),купе-хардтоп,1999
Mercedes-Benz CL-Класс II (C215) Рестайлинг,купе-хардтоп,2003
Mercedes-Benz CL-Класс I (C140),купе,1993
Mercedes-Benz CL-Класс AMG II (C216) Рестайлинг,купе-хардтоп,2011
Mercedes-Benz CL-Класс AMG II (C216),купе-хардтоп,2007
"Mercedes-Benz CLA I (C117, X117)",седан,2013
"Mercedes-Benz CLA II (C118, X118)",универсал 5 дв.,2019
"Mercedes-Benz CLA II (C118, X118)",седан,2019
"Mercedes-Benz CLA I (C117, X117) Рестайлинг",седан,2016
"Mercedes-Benz CLA I (C117, X117)",универсал 5 дв.,2015
"Mercedes-Benz CLA I (C117, X117) Рестайлинг",универсал 5 дв.,2017
"Mercedes-Benz CLA AMG II (C118, X118)",седан,2019
"Mercedes-Benz CLA AMG I (C117, X117)",седан,2014
"Mercedes-Benz CLA AMG I (C117, X117) Рестайлинг",седан,2017
Mercedes-Benz CLC-Класс,купе,2008
Mercedes-Benz CLK-Класс I (W208) Рестайлинг,купе,1999
Mercedes-Benz CLK-Класс I (W208),купе,1997
Mercedes-Benz CLK-Класс II (W209) Рестайлинг,купе-хардтоп,2006
Mercedes-Benz CLK-Класс II (W209),купе-хардтоп,2002
Mercedes-Benz CLK-Класс II (W209),кабриолет,2003
Mercedes-Benz CLK-Класс I (W208) Рестайлинг,кабриолет,2001
Mercedes-Benz CLS II (C218) Рестайлинг,седан,2014
Mercedes-Benz CLS II (C218),седан,2011
Mercedes-Benz CLS III (C257),седан,2018
Mercedes-Benz CLS II (C218),универсал 5 дв.,2013
Mercedes-Benz CLS II (C218) Рестайлинг,универсал 5 дв.,2015
Mercedes-Benz CLS I (C219) Рестайлинг,седан,2008
Mercedes-Benz CLS I (C219),седан,2005
Mercedes-Benz CLS AMG I (C219),седан,2005
Mercedes-Benz CLS AMG II (W218),универсал 5 дв.,2013
Mercedes-Benz CLS AMG II (W218),седан,2012
Mercedes-Benz CLS AMG II (W218) Рестайлинг,седан,2014
Mercedes-Benz CLS AMG III (C257),седан,2018
"Mercedes-Benz E-Класс V (W213, S213, C238)",универсал 5 дв.,2017
"Mercedes-Benz E-Класс III (W211, S211) Рестайлинг",седан,2006
"Mercedes-Benz E-Класс IV (W212, S212, C207) Рестайлинг",купе-хардтоп,2013
"Mercedes-Benz E-Класс V (W213, S213, C238)",седан,2016
"Mercedes-Benz E-Класс II (W210, S210) Рестайлинг",универсал 5 дв.,2000
"Mercedes-Benz E-Класс V (W213, S213, C238) Рестайлинг",седан,2020
"Mercedes-Benz E-Класс IV (W212, S212, C207)",купе-хардтоп,2009
"Mercedes-Benz E-Класс V (W213, S213, C238)",купе,2017
"Mercedes-Benz E-Класс All-Terrain V (W213, S213, C238)",универсал 5 дв.,2017
"Mercedes-Benz E-Класс IV (W212, S212, C207) Рестайлинг",седан,2013
"Mercedes-Benz E-Класс II (W210, S210)",седан,1995
"Mercedes-Benz E-Класс II (W210, S210) Рестайлинг",седан,1999
"Mercedes-Benz E-Класс IV (W212, S212, C207)",седан,2009
"Mercedes-Benz E-Класс III (W211, S211)",седан,2002
"Mercedes-Benz E-Класс V (W213, S213, C238) Рестайлинг",купе,2020
Mercedes-Benz E-Класс I (W124),седан,1993
"Mercedes-Benz E-Класс All-Terrain V (W213, S213, C238) Рестайлинг",универсал 5 дв.,2021
"Mercedes-Benz E-Класс III (W211, S211)",универсал 5 дв.,2004
"Mercedes-Benz E-Класс II (W210, S210)",универсал 5 дв.,1998
"Mercedes-Benz E-Класс V (W213, S213, C238)",кабриолет,2018
"Mercedes-Benz E-Класс III (W211, S211) Рестайлинг",универсал 5 дв.,2006
"Mercedes-Benz E-Класс V (W213, S213, C238)",седан,2016
Mercedes-Benz E-Класс I (W124),купе-хардтоп,1994
"Mercedes-Benz E-Класс AMG IV (W212, S212) Рестайлинг",седан,2013
"Mercedes-Benz E-Класс AMG IV (W212, S212)",седан,2010
Mercedes-Benz E-Класс AMG V (W213),купе,2018
Mercedes-Benz E-Класс AMG V (W213),седан,2016
Mercedes-Benz E-Класс AMG V (W213) Рестайлинг,седан,2020
Mercedes-Benz E-Класс AMG V (W213) Рестайлинг,купе,2020
"Mercedes-Benz E-Класс AMG II (W210, S210)",седан,1998
Mercedes-Benz EQC I (N293),внедорожник 5 дв.,2021
Mercedes-Benz EQS,лифтбек,2021
Mercedes-Benz EQV,минивэн,2020
Mercedes-Benz EQV Extra-long,минивэн,2021
Mercedes-Benz G-Класс II (W463) Рестайлинг 2,внедорожник 5 дв.,2008
Mercedes-Benz G-Класс III (W463),внедорожник 5 дв.,2018
Mercedes-Benz G-Класс II (W463),внедорожник 5 дв.,1992
Mercedes-Benz G-Класс II (W463) Рестайлинг 3,внедорожник открытый,2014
Mercedes-Benz G-Класс II (W463) Рестайлинг 1,внедорожник 5 дв.,2006
Mercedes-Benz G-Класс II (W463) Рестайлинг 3,внедорожник 5 дв.,2012
Mercedes-Benz G-Класс II (W463) Рестайлинг 4,внедорожник 5 дв.,2015
Mercedes-Benz G-Класс II (W463) Рестайлинг 1,внедорожник 3 дв.,2008
Mercedes-Benz G-Класс II (W463) Рестайлинг 2,внедорожник открытый,2011
Mercedes-Benz G-Класс II (W463) Рестайлинг 1,внедорожник 5 дв.,2006
Mercedes-Benz G-Класс 4x4 II (W463) Рестайлинг 4,внедорожник 5 дв.,2015
Mercedes-Benz G-Класс II (W463),внедорожник 3 дв.,1990
Mercedes-Benz G-Класс I (W460; W461),внедорожник 5 дв.,1986
Mercedes-Benz G-Класс I (W461) Professional,внедорожник 5 дв.,2011
Mercedes-Benz G-Класс I (W460; W461),внедорожник открытый,1989
Mercedes-Benz G-Класс AMG II (W463),внедорожник 5 дв.,2018
Mercedes-Benz G-Класс AMG I (W463) Рестайлинг 2,внедорожник 5 дв.,2012
Mercedes-Benz G-Класс AMG I (W463),внедорожник 5 дв.,1997
Mercedes-Benz G-Класс AMG I (W463) Рестайлинг 3,внедорожник 5 дв.,2015
Mercedes-Benz G-Класс AMG I (W463) Рестайлинг,внедорожник 5 дв.,2009
Mercedes-Benz GL-Класс I (X164),внедорожник 5 дв.,2006
Mercedes-Benz GL-Класс II (X166),внедорожник 5 дв.,2012
Mercedes-Benz GL-Класс I (X164) Рестайлинг,внедорожник 5 дв.,2009
Mercedes-Benz GL-Класс AMG,внедорожник 5 дв.,2013
Mercedes-Benz GLA I (X156),внедорожник 5 дв.,2014
Mercedes-Benz GLA I (X156) Рестайлинг,внедорожник 5 дв.,2017
Mercedes-Benz GLA II (H247),внедорожник 5 дв.,2020
Mercedes-Benz GLA AMG I (X156),внедорожник 5 дв.,2014
Mercedes-Benz GLA AMG I (X156) Рестайлинг,внедорожник 5 дв.,2017
Mercedes-Benz GLB I (X247),внедорожник 5 дв.,2020
Mercedes-Benz GLC Coupe I (C253) Рестайлинг,внедорожник 5 дв.,2019
Mercedes-Benz GLC Coupe I (C253),внедорожник 5 дв.,2016
Mercedes-Benz GLC I (X253) Рестайлинг,внедорожник 5 дв.,2019
Mercedes-Benz GLC I (X253),внедорожник 5 дв.,2015
Mercedes-Benz GLC AMG I (X253),внедорожник 5 дв.,2016
Mercedes-Benz GLE I (W166),внедорожник 5 дв.,2015
Mercedes-Benz GLE II (V167),внедорожник 5 дв.,2018
Mercedes-Benz GLE AMG I (W166),внедорожник 5 дв.,2015
Mercedes-Benz GLE AMG II (V167),внедорожник 5 дв.,2019
Mercedes-Benz GLE Coupe I (C292),внедорожник 5 дв.,2015
Mercedes-Benz GLE Coupe II (C167),внедорожник 5 дв.,2020
Mercedes-Benz GLE Coupe AMG I (C292),внедорожник 5 дв.,2015
Mercedes-Benz GLE Coupe AMG II (C167),внедорожник 5 дв.,2020
Mercedes-Benz GLK-Класс I (X204) Рестайлинг,внедорожник 5 дв.,2012
Mercedes-Benz GLK-Класс I (X204),внедорожник 5 дв.,2008
Mercedes-Benz GLS II (X167),внедорожник 5 дв.,2019
Mercedes-Benz GLS I (X166),внедорожник 5 дв.,2016
Mercedes-Benz GLS AMG I (X166),внедорожник 5 дв.,2016
Mercedes-Benz GLS AMG II (X167),внедорожник 5 дв.,2020
Mercedes-Benz M-Класс II (W164) Рестайлинг,внедорожник 5 дв.,2008
Mercedes-Benz M-Класс I (W163) Рестайлинг,внедорожник 5 дв.,2001
Mercedes-Benz M-Класс III (W166),внедорожник 5 дв.,2011
Mercedes-Benz M-Класс II (W164),внедорожник 5 дв.,2005
Mercedes-Benz M-Класс I (W163),внедорожник 5 дв.,1997
Mercedes-Benz M-Класс AMG II (W164),внедорожник 5 дв.,2006
Mercedes-Benz M-Класс AMG I (W163) Рестайлинг,внедорожник 5 дв.,2003
Mercedes-Benz M-Класс AMG II (W164) Рестайлинг,внедорожник 5 дв.,2009
Mercedes-Benz M-Класс AMG III (W166),внедорожник 5 дв.,2012
Mercedes-Benz Marco Polo III (W447),минивэн,2019
Mercedes-Benz Maybach GLS I,внедорожник 5 дв.,2020
Mercedes-Benz Metris,минивэн,2016
Mercedes-Benz R-Класс Long I,минивэн,2005
Mercedes-Benz R-Класс Long I Рестайлинг,минивэн,2007
Mercedes-Benz R-Класс Long I Рестайлинг 2,минивэн,2010
Mercedes-Benz R-Класс I Рестайлинг,минивэн,2007
Mercedes-Benz Maybach S-Класс I (X222) Рестайлинг,седан,2017
Mercedes-Benz Maybach S-Класс II (Z223),седан,2021
Mercedes-Benz Maybach S-Класс I (X222),седан,2014
"Mercedes-Benz S-Класс VI (W222, C217)",седан,2013
Mercedes-Benz S-Класс VII (W223),седан,2020
Mercedes-Benz S-Класс Long IV (W220) Рестайлинг,седан,2002
"Mercedes-Benz S-Класс Long VI (W222, C217)",седан,2013
Mercedes-Benz S-Класс II (W126) Рестайлинг,седан,1985
Mercedes-Benz S-Класс Long V (W221) Рестайлинг,седан,2009
Mercedes-Benz S-Класс IV (W220),седан,1998
Mercedes-Benz S-Класс Long IV (W220),седан,1998
"Mercedes-Benz S-Класс Long VI (W222, C217) Рестайлинг",седан,2017
Mercedes-Benz S-Класс Long VII (W223),седан,2020
"Mercedes-Benz S-Класс VI (W222, C217) Рестайлинг",купе,2018
"Mercedes-Benz S-Класс VI (W222, C217) Рестайлинг",седан,2017
Mercedes-Benz S-Класс Long V (W221),седан,2005
"Mercedes-Benz S-Класс VI (W222, C217)",купе,2014
Mercedes-Benz S-Класс III (W140) Рестайлинг,седан,1994
Mercedes-Benz S-Класс V (W221),седан,2005
Mercedes-Benz S-Класс V (W221) Рестайлинг,седан,2009
Mercedes-Benz S-Класс III (W140),седан,1991
Mercedes-Benz S-Класс IV (W220) Рестайлинг,седан,2002
Mercedes-Benz S-Класс W108,седан,1966
Mercedes-Benz S-Класс Pullman IV (W220),лимузин,2002
Mercedes-Benz S-Класс Long III (W140),седан,1991
Mercedes-Benz S-Класс Long III (W140) Рестайлинг,седан,1995
"Mercedes-Benz S-Класс VI (W222, C217) Рестайлинг",седан,2017
Mercedes-Benz S-Класс II (W126),купе,1983
Mercedes-Benz S-Класс II (W126),седан,1982
Mercedes-Benz S-Класс I (W116),седан,1977
"Mercedes-Benz S-Класс AMG Long III (W222, C217)",седан,2013
Mercedes-Benz S-Класс AMG Long I (W220) Рестайлинг,седан,2002
"Mercedes-Benz S-Класс AMG III (W222, C217) Рестайлинг",купе,2017
"Mercedes-Benz S-Класс AMG III (W222, C217) Рестайлинг",седан,2017
Mercedes-Benz S-Класс AMG Long II (W221) Рестайлинг,седан,2009
"Mercedes-Benz S-Класс AMG III (W222, C217)",купе,2014
Mercedes-Benz S-Класс AMG Long II (W221),седан,2007
Mercedes-Benz S-Класс AMG Long I (W220),седан,1999
"Mercedes-Benz S-Класс AMG III (W222, C217)",кабриолет,2016
Mercedes-Benz S-Класс AMG I (W220),седан,2002
Mercedes-Benz S-Класс AMG I (W220) Рестайлинг,седан,2003
Mercedes-Benz S-Класс AMG II (W221),седан,2007
Mercedes-Benz S-Класс AMG II (W221) Рестайлинг,седан,2010
Mercedes-Benz S-Класс AMG Long I (W220),седан,1999
Mercedes-Benz SL-Класс V (R230) Рестайлинг,родстер,2006
Mercedes-Benz SL-Класс VI (R231) Рестайлинг,родстер,2016
Mercedes-Benz SL-Класс VI (R231),родстер,2013
"Mercedes-Benz SL-Класс III (R107, C107)",купе,1980
Mercedes-Benz SL-Класс II (W113),родстер,1966
Mercedes-Benz SL-Класс V (R230),родстер,2001
Mercedes-Benz SL-Класс V (R230) Рестайлинг 2,родстер,2009
Mercedes-Benz SL-Класс IV (R129),родстер,1992
Mercedes-Benz SL-Класс IV (R129) Рестайлинг 2,родстер,1999
Mercedes-Benz SL-Класс AMG II (R230),родстер,2002
Mercedes-Benz SL-Класс AMG III (R231) Рестайлинг,родстер,2016
Mercedes-Benz SL-Класс AMG II (R230) Рестайлинг 2,родстер,2008
Mercedes-Benz SL-Класс AMG III (R231),родстер,2012
Mercedes-Benz SLC I (R172),родстер,2016
Mercedes-Benz SLK-Класс III (R172),родстер,2011
Mercedes-Benz SLK-Класс II (R171),родстер,2004
Mercedes-Benz SLK-Класс II (R171) Рестайлинг,родстер,2008
Mercedes-Benz SLK-Класс AMG III (R172),родстер,2012
Mercedes-Benz SLR McLaren,купе,2004
Mercedes-Benz SLS AMG,родстер,2014
Mercedes-Benz SLS AMG,купе,2010
Mercedes-Benz V-Класс I (W638),минивэн,1998
Mercedes-Benz V-Класс XL II,минивэн,2016
Mercedes-Benz V-Класс L II,минивэн,2014
Mercedes-Benz V-Класс II,минивэн,2014
Mercedes-Benz Vaneo,компактвэн,2002
Mercedes-Benz Viano I (W639) Рестайлинг,минивэн,2011
Mercedes-Benz Viano Long I (W639) Рестайлинг,минивэн,2010
Mercedes-Benz Viano Long I (W639),минивэн,2004
Mercedes-Benz Viano Extralong I (W639) Рестайлинг,минивэн,2010
Mercedes-Benz Viano I (W639),минивэн,2003
Mercedes-Benz Viano Extra Long I (W639),минивэн,2004
Mercedes-Benz Vito L3 III (W447),минивэн,2015
Mercedes-Benz Vito L1 II (W639),минивэн,2006
Mercedes-Benz Vito III (W447),фургон,2014
Mercedes-Benz Vito L1 III (W447),минивэн,2015
Mercedes-Benz Vito L2 II (W639) Рестайлинг,минивэн,2012
Mercedes-Benz Vito L2 III (W447),минивэн,2014
Mercedes-Benz Vito I (W638),фургон,1996
Mercedes-Benz Vito I (W638),минивэн,1997
Mercedes-Benz Vito L2 II (W639),минивэн,2010
Mercedes-Benz Vito L3 II (W639),минивэн,2004
Mercedes-Benz Vito L1 II (W639) Рестайлинг,минивэн,2013
Mercedes-Benz Vito III (W447),фургон,2014
Mercedes-Benz Vito II (W639),фургон,2006
Mercedes-Benz Vito L3 II (W639) Рестайлинг,минивэн,2010
Mercedes-Benz Vito II (W639) Рестайлинг,фургон,2011
Mercedes-Benz W108,седан,1970
Mercedes-Benz W111,купе,1968
Mercedes-Benz W111,кабриолет,1963
Mercedes-Benz W111,седан,1965
Mercedes-Benz W114,седан,1972
Mercedes-Benz W115,седан,1971
Mercedes-Benz W123,седан,1978
Mercedes-Benz W123,купе,1982
Mercedes-Benz W123,универсал 5 дв.,1983
Mercedes-Benz W124,седан,1985
Mercedes-Benz W124,купе-хардтоп,1988
Mercedes-Benz W124,универсал 5 дв.,1989
Mercedes-Benz W124,кабриолет,1992
Mercedes-Benz W128,купе,1959
Mercedes-Benz W128,кабриолет,1959
Mercedes-Benz W136,седан,1951
Mercedes-Benz W186,седан,1953
Mercedes-Benz W189,седан,1959
Mercedes-Benz 190 (W201),седан,1982
Mercedes-Benz X-Класс I,пикап двойная кабина,2018
Toyota 4Runner V Рестайлинг,внедорожник 5 дв.,2018
Toyota 4Runner IV,внедорожник 5 дв.,2004
Toyota 4Runner III,внедорожник 5 дв.,1998
Toyota 4Runner II,внедорожник 5 дв.,1993
Toyota 4Runner I,внедорожник 3 дв.,1988
Toyota Alphard III,минивэн,2015
Toyota Alphard II,минивэн,2011
Toyota Alphard III Рестайлинг,минивэн,2018
Toyota Alphard I,минивэн,2002
Toyota Alphard I Рестайлинг,минивэн,2005
Toyota Altezza Gita,универсал 5 дв.,2001
Toyota Altezza,седан,1998
Toyota Aqua I Рестайлинг,хэтчбек 5 дв.,2015
Toyota Aqua I,хэтчбек 5 дв.,2014
Toyota Aqua I Рестайлинг 2,хэтчбек 5 дв.,2017
Toyota Aristo II,седан,1997
Toyota Auris I,хэтчбек 5 дв.,2007
Toyota Auris I Рестайлинг,хэтчбек 5 дв.,2010
Toyota Auris II,хэтчбек 5 дв.,2013
Toyota Auris II Рестайлинг,универсал 5 дв.,2015
Toyota Auris II Рестайлинг,хэтчбек 5 дв.,2017
Toyota Avalon IV Рестайлинг,седан,2017
Toyota Avalon V,седан,2019
Toyota Avalon I,седан,1994
Toyota Avalon III Рестайлинг 2,седан,2011
Toyota Avensis III,седан,2009
Toyota Avensis II,лифтбек,2003
Toyota Avensis II Рестайлинг,седан,2006
Toyota Avensis II,седан,2003
Toyota Avensis III Рестайлинг,универсал 5 дв.,2012
Toyota Avensis III Рестайлинг 2,универсал 5 дв.,2015
Toyota Avensis II Рестайлинг,универсал 5 дв.,2006
Toyota Avensis I,седан,1998
Toyota Avensis I Рестайлинг,седан,2000
Toyota Avensis I,универсал 5 дв.,1998
Toyota Avensis III,универсал 5 дв.,2009
Toyota Avensis II,универсал 5 дв.,2005
Toyota Avensis III Рестайлинг,седан,2011
Toyota Avensis I Рестайлинг,лифтбек,2002
Toyota Aygo I,хэтчбек 3 дв.,2008
Toyota bB I Рестайлинг,компактвэн,2003
Toyota bB II,компактвэн,2006
Toyota bB I,компактвэн,2001
Toyota bB II Рестайлинг,компактвэн,2009
Toyota Blizzard,внедорожник 3 дв.,1984
Toyota Brevis,седан,2003
Toyota C-HR I,внедорожник 5 дв.,2017
Toyota C-HR I Рестайлинг,внедорожник 5 дв.,2019
Toyota Caldina III,универсал 5 дв.,2002
Toyota Caldina I,универсал 5 дв.,1993
Toyota Caldina II Рестайлинг,универсал 5 дв.,2000
Toyota Caldina I Рестайлинг,универсал 5 дв.,1996
Toyota Caldina II,универсал 5 дв.,1998
Toyota Cami,внедорожник 5 дв.,1999
Toyota Camry VIII (XV70),седан,2017
Toyota Camry VII (XV50) Рестайлинг,седан,2014
Toyota Camry VII (XV50) Рестайлинг 2,седан,2017
Toyota Camry VIII (XV70) Рестайлинг,седан,2020
Toyota Camry VI (XV40) Рестайлинг,седан,2009
Toyota Camry VI (XV40),седан,2006
Toyota Camry VII (XV50),седан,2011
Toyota Camry US Market VII (XV50) Рестайлинг,седан,2014
Toyota Camry III (XV10),седан,1992
Toyota Camry V (XV30) Рестайлинг,седан,2005
Toyota Camry V (XV30),седан,2002
Toyota Camry V30,седан,1991
Toyota Camry Japan Market VII (XV50),седан,2011
Toyota Camry IV (XV20),седан,1997
Toyota Camry III (XV10),универсал 5 дв.,1994
Toyota Camry II (V20),универсал 5 дв.,1987
Toyota Camry V40,седан,1994
Toyota Camry US Market VII (XV50),седан,2012
Toyota Camry Gracia IV (XV20),универсал 5 дв.,1999
Toyota Camry Solara I,купе,2000
Toyota Camry Solara II,купе,2004
Toyota Carina VII (T210),седан,1996
Toyota Carina VI (T190),седан,1992
Toyota Carina V (T170),седан,1990
Toyota Carina E,седан,1993
Toyota Carina E,лифтбек,1992
Toyota Carina E,универсал 5 дв.,1993
Toyota Carina ED I (T160),седан-хардтоп,1987
Toyota Carina ED III (T200),седан-хардтоп,1996
Toyota Cavalier,купе,1998
Toyota Celica VII (T230) Рестайлинг,хэтчбек 3 дв.,2002
Toyota Celica VI (T200),хэтчбек 3 дв.,1994
Toyota Celica VII (T230),хэтчбек 3 дв.,1999
Toyota Celica IV (T160),лифтбек,1987
Toyota Celica V (T180),купе,1991
Toyota Celica VI (T200) Рестайлинг,хэтчбек 3 дв.,1997
Toyota Chaser V (X90),седан,1993
Toyota Chaser VI (X100) Рестайлинг,седан,1998
Toyota Chaser VI (X100),седан,1996
Toyota Chaser V (X90) Рестайлинг,седан,1994
Toyota Chaser IV (X80),седан,1991
"Toyota Corolla IX (E120, E130)",хэтчбек 5 дв.,2002
"Toyota Corolla X (E140, E150)",седан,2006
Toyota Corolla VIII (E110) Рестайлинг,лифтбек,2000
Toyota Corolla XII (E210),седан,2019
"Toyota Corolla XI (E160, E170) Рестайлинг",седан,2016
"Toyota Corolla IX (E120, E130) Рестайлинг",седан,2004
"Toyota Corolla XI (E160, E170)",седан,2013
"Toyota Corolla X (E140, E150) Рестайлинг",седан,2010
Toyota Corolla VII (E100),седан,1992
"Toyota Corolla IX (E120, E130) Рестайлинг",хэтчбек 5 дв.,2004
Toyota Corolla VII (E100),универсал 5 дв.,1991
"Toyota Corolla IX (E120, E130)",седан,2001
"Toyota Corolla Fielder XI (E160, E170)",универсал 5 дв.,2012
Toyota Corolla Ceres VII (E100),седан-хардтоп,1992
Toyota Corolla VIII (E110),хэтчбек 3 дв.,1997
"Toyota Corolla Runx IX (E120, E130) Рестайлинг",хэтчбек 5 дв.,2004
"Toyota Corolla IX (E120, E130) Рестайлинг",универсал 5 дв.,2005
Toyota Corolla VII (E100),хэтчбек 5 дв.,1993
"Toyota Corolla IX (E120, E130)",седан,2001
Toyota Corolla VIII (E110) Рестайлинг,хэтчбек 3 дв.,2000
Toyota Corolla V (E80),хэтчбек 5 дв.,1983
Toyota Corolla VIII (E110),лифтбек,1998
Toyota Corolla VIII (E110) Рестайлинг,седан,1998
Toyota Corolla VIII (E110),седан,1996
Toyota Corolla Liftback VII (E100),лифтбек,1992
"Toyota Corolla IX (E120, E130)",универсал 5 дв.,2001
"Toyota Corolla IX (E120, E130)",хэтчбек 3 дв.,2002
Toyota Corolla VI (E90),универсал 5 дв.,1989
Toyota Corolla VII (E100),хэтчбек 3 дв.,1996
Toyota Corolla VI (E90),лифтбек,1992
Toyota Corolla VI (E90),хэтчбек 5 дв.,1987
Toyota Corolla VI (E90),седан,1989
Toyota Corolla VIII (E110) Рестайлинг,универсал 5 дв.,2000
Toyota Corolla II V (L50),хэтчбек 3 дв.,1997
Toyota Corolla Levin VII (AE110/AE111),купе,1998
Toyota Corolla Levin VI (AE100/AE101),купе,1992
Toyota Corolla Rumion,универсал 5 дв.,2009
Toyota Corolla Spacio I,компактвэн,1997
Toyota Corolla Verso I Рестайлинг 2,компактвэн,2007
Toyota Corolla Verso I Рестайлинг,компактвэн,2006
Toyota Corona IX (T190),седан,1992
Toyota Corona Premio X (T210),седан,1998
"Toyota Corona T140 VII (T140, T150, T160)",седан,1986
Toyota Corona EXiV II (ST200),седан-хардтоп,1994
Toyota Corsa IV (L40),седан,1992
Toyota Corsa V (L50),седан,1996
Toyota Corsa II (L20),седан,1982
"Toyota Cressida II (X50, X60)",седан,1985
Toyota Cresta V (X100),седан,1997
Toyota Cresta IV (X90),седан,1993
Toyota Cresta V (X100) Рестайлинг,седан,1999
Toyota Cresta III (X80) Рестайлинг,седан,1990
Toyota Cresta III (X80),седан,1988
Toyota Crown IX (S140),седан,1992
Toyota Crown XI (S170),седан,1999
Toyota Crown X (S150),седан,1996
Toyota Crown XII (S180),седан,2005
Toyota Crown VIII (S130),седан,1988
Toyota Crown III (S50),седан,1967
Toyota Crown VIII (S130),универсал 5 дв.,1989
Toyota Crown V (S80),седан,1977
Toyota Crown XIII (S200),седан,2008
Toyota Crown Majesta III (S170),седан,2000
"Toyota Cynos II (L52, L54)",купе,1996
Toyota Echo,купе,2000
Toyota Echo,седан,2000
Toyota Esquire I,минивэн,2014
Toyota Estima III,минивэн,2006
Toyota Estima III Рестайлинг,минивэн,2010
Toyota Estima III Рестайлинг 2,минивэн,2016
Toyota Estima Emina I,минивэн,1997
Toyota Estima II Рестайлинг,минивэн,2003
Toyota Estima II,минивэн,2001
Toyota Estima Lucida I,минивэн,1992
Toyota FJ Cruiser,внедорожник 5 дв.,2006
Toyota Fortuner II,внедорожник 5 дв.,2017
Toyota Fortuner II Рестайлинг,внедорожник 5 дв.,2020
Toyota Fortuner I,внедорожник 5 дв.,2006
Toyota FunCargo,компактвэн,1999
Toyota Gaia,компактвэн,2001
Toyota Grand HiAce I,минивэн,2000
Toyota GT86 I,купе,2012
Toyota Harrier III (XU60),внедорожник 5 дв.,2015
Toyota Harrier III (XU60) Рестайлинг,внедорожник 5 дв.,2017
Toyota Harrier I (XU10),внедорожник 5 дв.,1998
Toyota Harrier II (XU30),внедорожник 5 дв.,2003
Toyota HiAce XH10,минивэн,1997
Toyota HiAce H200,минивэн,2004
Toyota HiAce XH10,фургон,1999
Toyota HiAce H200 Рестайлинг,фургон,2012
Toyota HiAce H100,минивэн,1990
Toyota HiAce H100,фургон,1991
Toyota HiAce H200,фургон,2008
Toyota HiAce H50 H60 H70,минивэн,1988
Toyota Highlander III (U50),внедорожник 5 дв.,2014
Toyota Highlander II (U40) Рестайлинг,внедорожник 5 дв.,2010
Toyota Highlander III (U50) Рестайлинг,внедорожник 5 дв.,2017
Toyota Highlander IV (U70),внедорожник 5 дв.,2020
Toyota Highlander I (U20),внедорожник 5 дв.,2001
Toyota Highlander II (U40),внедорожник 5 дв.,2008
Toyota Highlander I (U20) Рестайлинг,внедорожник 5 дв.,2003
Toyota Hilux VIII,пикап двойная кабина,2015
Toyota Hilux VII Рестайлинг,пикап двойная кабина,2012
Toyota Hilux VIII,пикап одинарная кабина,2020
Toyota Hilux Arctic Trucks VIII Рестайлинг,пикап двойная кабина,2020
Toyota Hilux VIII Рестайлинг,пикап двойная кабина,2020
Toyota Hilux V,пикап одинарная кабина,1995
Toyota Hilux Double cab V,пикап двойная кабина,1989
Toyota Hilux Arctic Trucks VIII,пикап двойная кабина,2016
Toyota Hilux VII,пикап двойная кабина,2010
Toyota Hilux Arctic Trucks VII,пикап двойная кабина,2011
Toyota Hilux Surf II Рестайлинг,внедорожник 5 дв.,1993
Toyota Hilux Surf I,внедорожник 3 дв.,1986
Toyota Hilux Surf III Рестайлинг,внедорожник 5 дв.,2000
Toyota Hilux Surf II,внедорожник 5 дв.,1991
Toyota Ipsum I (M10),компактвэн,1997
Toyota Ipsum II (M20),компактвэн,2001
Toyota Ipsum II (M20) Рестайлинг,компактвэн,2003
Toyota iQ,хэтчбек 3 дв.,2010
Toyota ISis I,компактвэн,2004
Toyota ISis I Рестайлинг,компактвэн,2010
Toyota Ist I Рестайлинг,хэтчбек 5 дв.,2007
Toyota Ist I,хэтчбек 5 дв.,2003
Toyota Ist II,хэтчбек 5 дв.,2007
Toyota Land Cruiser 200 Series Рестайлинг 1,внедорожник 5 дв.,2012
Toyota Land Cruiser 200 Series Рестайлинг 2,внедорожник 5 дв.,2015
Toyota Land Cruiser 200 Series,внедорожник 5 дв.,2007
Toyota Land Cruiser 100 Series,внедорожник 5 дв.,1998
Toyota Land Cruiser 100 Series Рестайлинг 2,внедорожник 5 дв.,2005
Toyota Land Cruiser 100 Series Рестайлинг 1,внедорожник 5 дв.,2002
Toyota Land Cruiser 300 Series,внедорожник 5 дв.,2021
Toyota Land Cruiser 79 70 Series Рестайлинг,пикап двойная кабина,2021
Toyota Land Cruiser 40 Series,внедорожник 3 дв.,1982
Toyota Land Cruiser 70 Series,внедорожник 3 дв.,1990
Toyota Land Cruiser 80 Series Рестайлинг,внедорожник 5 дв.,1995
Toyota Land Cruiser 76 70 Series Рестайлинг,внедорожник 5 дв.,2008
Toyota Land Cruiser 78 70 Series Рестайлинг,внедорожник 3 дв.,2011
Toyota Land Cruiser 60 Series,внедорожник 5 дв.,1989
Toyota Land Cruiser 80 Series,внедорожник 5 дв.,1991
Toyota Land Cruiser Arctic Trucks 200 Series Рестайлинг 2,внедорожник 5 дв.,2017
Toyota Land Cruiser Arctic Trucks 200 Series Рестайлинг 1,внедорожник 5 дв.,2013
Toyota Land Cruiser Prado 150 Series Рестайлинг 2,внедорожник 5 дв.,2017
Toyota Land Cruiser Prado 120 Series,внедорожник 5 дв.,2003
Toyota Land Cruiser Prado 150 Series Рестайлинг 1,внедорожник 5 дв.,2013
Toyota Land Cruiser Prado 150 Series Рестайлинг 3,внедорожник 5 дв.,2020
Toyota Land Cruiser Prado 90 Series Рестайлинг,внедорожник 3 дв.,2000
Toyota Land Cruiser Prado 150 Series,внедорожник 5 дв.,2009
Toyota Land Cruiser Prado 90 Series Рестайлинг,внедорожник 5 дв.,1999
Toyota Land Cruiser Prado 120 Series Рестайлинг,внедорожник 5 дв.,2007
Toyota Land Cruiser Prado 70 Series,внедорожник 5 дв.,1987
Toyota Land Cruiser Prado 90 Series,внедорожник 3 дв.,1997
Toyota Land Cruiser Prado 90 Series,внедорожник 5 дв.,1996
Toyota Land Cruiser Prado Arctic Trucks 150 Series Рестайлинг 2,внедорожник 5 дв.,2019
Toyota Land Cruiser Prado 150 Series Рестайлинг 1,внедорожник 3 дв.,2014
Toyota Land Cruiser Prado 90 Series Рестайлинг,внедорожник 3 дв.,2000
Toyota Lite Ace IV,минивэн,1992
Toyota Lite Ace II,минивэн,1981
Toyota Lite Ace Noah V,компактвэн,1997
Toyota Lite Ace V,компактвэн,2002
Toyota Mark II VIII (X100),седан,1996
Toyota Mark II IX (X110),седан,2000
Toyota Mark II VI (X80),седан-хардтоп,1989
Toyota Mark II VII (X90),седан,1992
Toyota Mark II Blit IX (X110),универсал 5 дв.,2003
Toyota Mark II VI (X80),седан,1989
Toyota Mark II Qualis VIII (X100),универсал 5 дв.,1997
Toyota Mark II V (X70),седан,1986
Toyota Mark II V (X70),универсал 5 дв.,1987
Toyota Mark II IV (X60),седан,1980
Toyota Mark II III (X30),седан,1979
Toyota Mark II III (X30),седан,1979
Toyota Mark X I,седан,2005
Toyota Mark X II Рестайлинг,седан,2016
Toyota Matrix I (E130),хэтчбек 5 дв.,2002
Toyota Mega Cruiser,внедорожник 5 дв.,1996
Toyota MR2 II (W20),купе,1991
Toyota MR2 II (W20),тарга,1991
Toyota MR-S I Рестайлинг,родстер,2002
Toyota MR-S I,родстер,2000
Toyota Nadia,компактвэн,1999
Toyota Noah III (R80),минивэн,2016
Toyota Noah II (R70),минивэн,2009
Toyota Opa I,универсал 5 дв.,2000
Toyota Paseo II (L50),кабриолет,1998
Toyota Passo III,хэтчбек 5 дв.,2016
Toyota Passo I (C10),хэтчбек 5 дв.,2004
Toyota Passo II (C30),хэтчбек 5 дв.,2015
Toyota Picnic I,компактвэн,1997
Toyota Pixis Epoch I,хэтчбек 5 дв.,2016
Toyota Pixis Space,микровэн,2012
Toyota Porte II,компактвэн,2012
Toyota Porte I,компактвэн,2008
Toyota Premio I (T24),седан,2003
"Toyota Previa I (XR10, XR20)",минивэн,1991
Toyota Prius II Рестайлинг (XW20),хэтчбек 5 дв.,2006
Toyota Prius III (XW30),хэтчбек 5 дв.,2009
Toyota Prius II (XW20),хэтчбек 5 дв.,2004
Toyota Prius IV (XW50),хэтчбек 5 дв.,2016
Toyota Prius IV Рестайлинг (XW50),хэтчбек 5 дв.,2019
Toyota Prius PHV IV (XW50),хэтчбек 5 дв.,2017
Toyota Prius III Рестайлинг (XW30),хэтчбек 5 дв.,2011
Toyota Prius I (XW10),седан,1998
Toyota Prius Alpha I (ZVW40/41),универсал 5 дв.,2012
Toyota Prius Alpha I (ZVW40/41) Рестайлинг,универсал 5 дв.,2015
Toyota Prius v (+) I (ZVW40/41),универсал 5 дв.,2012
Toyota ProAce L1 II,минивэн,2016
Toyota ProAce L2 II,минивэн,2017
Toyota Probox I Рестайлинг,универсал 5 дв.,2014
Toyota Probox I,универсал 5 дв.,2004
Toyota Ractis I,хэтчбек 5 дв.,2005
Toyota Raum I,компактвэн,1997
Toyota RAV4 I (XA10),внедорожник 3 дв.,1994
Toyota RAV4 III (XA30),внедорожник 5 дв.,2006
Toyota RAV4 IV (CA40) Рестайлинг,внедорожник 5 дв.,2015
Toyota RAV4 III (XA30) Рестайлинг,внедорожник 5 дв.,2010
Toyota RAV4 I (XA10),внедорожник 5 дв.,1996
Toyota RAV4 IV (CA40),внедорожник 5 дв.,2012
Toyota RAV4 V (XA50),внедорожник 5 дв.,2019
Toyota RAV4 II (XA20),внедорожник 5 дв.,2000
Toyota RAV4 II (XA20) Рестайлинг,внедорожник 5 дв.,2003
Toyota RAV4 Long III (XA30) Рестайлинг,внедорожник 5 дв.,2010
Toyota RAV4 II (XA20),внедорожник 3 дв.,2003
Toyota RAV4 II (XA20) Рестайлинг,внедорожник 3 дв.,2003
Toyota Regius,минивэн,1997
Toyota RegiusAce,минивэн,1999
Toyota Rush I,внедорожник 5 дв.,2009
Toyota Scepter,седан,1992
Toyota Sequoia II,внедорожник 5 дв.,2009
Toyota Sequoia I,внедорожник 5 дв.,2001
Toyota Sequoia I Рестайлинг,внедорожник 5 дв.,2007
Toyota Sienna III Рестайлинг,минивэн,2015
Toyota Sienna IV,минивэн,2021
Toyota Sienna II Рестайлинг,минивэн,2005
Toyota Sienna III Рестайлинг 2,минивэн,2017
Toyota Sienna III,минивэн,2011
Toyota Sienna I,минивэн,1999
Toyota Sienna II,минивэн,2003
Toyota Sienta II,компактвэн,2015
Toyota Sienta I Рестайлинг 1,компактвэн,2010
Toyota Sienta I Рестайлинг 2,компактвэн,2013
Toyota Soarer III (Z30) Рестайлинг,купе,1997
Toyota Sparky,микровэн,2000
Toyota Sprinter VIII (E110),седан,1999
Toyota Sprinter V (E80),хэтчбек 5 дв.,1987
Toyota Sprinter Carib III,универсал 5 дв.,1998
Toyota Sprinter Carib II,универсал 5 дв.,1993
Toyota Sprinter Marino,седан,1992
Toyota Sprinter Trueno VII (AE110/AE111),купе,1995
Toyota Starlet V (P90),хэтчбек 5 дв.,1998
Toyota Starlet IV (P80),хэтчбек 3 дв.,1990
Toyota Starlet V (P90),хэтчбек 3 дв.,1997
Toyota Starlet III (P70),хэтчбек 5 дв.,1986
Toyota Succeed I,универсал 5 дв.,2002
Toyota Succeed I Рестайлинг,универсал 5 дв.,2016
Toyota Supra V (A90),купе,2019
Toyota Supra IV (A80),купе,1995
Toyota Tank I,микровэн,2017
Toyota Town Ace Noah IV,компактвэн,1999
Toyota Town Ace I,компактвэн,1985
Toyota Town Ace V,компактвэн,2009
Toyota Town Ace IV,компактвэн,1998
Toyota Town Ace III,компактвэн,1995
Toyota Tundra Double Cab II,пикап двойная кабина,2007
Toyota Tundra Double Cab II Рестайлинг,пикап двойная кабина,2016
Toyota Tundra CrewMax II Рестайлинг,пикап двойная кабина,2015
Toyota Tundra Regular Cab II,пикап одинарная кабина,2008
Toyota Tundra Long Bed II Рестайлинг,пикап полуторная кабина,2014
Toyota Tundra I,пикап двойная кабина,2000
Toyota Tundra CrewMax II,пикап двойная кабина,2010
Toyota Tundra CrewMax III,пикап двойная кабина,2021
Toyota Tundra Arctic Trucks II Рестайлинг,пикап двойная кабина,2016
Toyota Vanguard,внедорожник 5 дв.,2008
Toyota Vellfire II,минивэн,2015
Toyota Vellfire I,минивэн,2013
Toyota Vellfire II Рестайлинг,минивэн,2017
Toyota Venza I Рестайлинг,внедорожник 5 дв.,2012
Toyota Venza I,внедорожник 5 дв.,2009
Toyota Venza II,внедорожник 5 дв.,2021
Toyota Verossa,седан,2001
Toyota Verso I Рестайлинг,компактвэн,2012
Toyota Verso I,компактвэн,2010
Toyota Vista Ardeo V (V50),универсал 5 дв.,2002
Toyota Vista III (V30),седан-хардтоп,1992
Toyota Vitz I (P10),хэтчбек 3 дв.,1999
Toyota Vitz I (P10),хэтчбек 5 дв.,1999
Toyota Vitz III (XP130) Рестайлинг,хэтчбек 5 дв.,2016
Toyota Vitz II (XP90),хэтчбек 5 дв.,2005
Toyota Vitz III (XP130) Рестайлинг 2,хэтчбек 5 дв.,2017
Toyota Voxy II (R70) Рестайлинг,минивэн,2010
Toyota Voxy III (R80),минивэн,2014
Toyota Voxy II (R70),минивэн,2007
Toyota WiLL II (VS),хэтчбек 5 дв.,2001
Toyota WiLL I (Vi),седан,2000
Toyota Windom I (XV10),седан,1994
Toyota Windom II (XV20),седан,1997
Toyota Wish II,минивэн,2010
Toyota Wish I,компактвэн,2004
Toyota Yaris II,хэтчбек 5 дв.,2006
Toyota Yaris II,седан,2007
Toyota Yaris I,хэтчбек 5 дв.,1999
Toyota Yaris I Рестайлинг,хэтчбек 3 дв.,2003
Toyota Yaris I,хэтчбек 3 дв.,1999
Toyota Yaris II Рестайлинг,хэтчбек 5 дв.,2009
Toyota Yaris II,хэтчбек 3 дв.,2008
Toyota Yaris III Рестайлинг,хэтчбек 5 дв.,2016
Lexus CT I,хэтчбек 5 дв.,2011
Lexus CT I Рестайлинг,хэтчбек 5 дв.,2014
Lexus ES VI Рестайлинг,седан,2015
Lexus ES VII,седан,2018
Lexus ES VI,седан,2012
Lexus ES V Рестайлинг,седан,2010
Lexus ES IV Рестайлинг,седан,2005
Lexus GS IV,седан,2012
Lexus GS III Рестайлинг,седан,2007
Lexus GS III,седан,2005
Lexus GS I,седан,1993
Lexus GS II,седан,1998
Lexus GS II Рестайлинг,седан,2001
Lexus GX I,внедорожник 5 дв.,2003
Lexus GX II Рестайлинг,внедорожник 5 дв.,2014
Lexus GX II,внедорожник 5 дв.,2010
Lexus GX II Рестайлинг 2,внедорожник 5 дв.,2019
Lexus IS II,седан,2006
Lexus IS III Рестайлинг,седан,2017
Lexus IS III,седан,2013
Lexus IS I,седан,2000
Lexus IS II Рестайлинг 2,седан,2011
Lexus IS II Рестайлинг,седан,2008
Lexus LC I,купе,2017
Lexus LS Long IV,седан,2007
Lexus LS Long IV Рестайлинг 2,седан,2012
Lexus LS Long IV Рестайлинг,седан,2009
Lexus LS IV Рестайлинг 2,седан,2012
Lexus LS V,седан,2018
Lexus LS I,седан,1991
Lexus LS IV Рестайлинг,седан,2010
Lexus LS IV,седан,2007
Lexus LS Long IV Рестайлинг,седан,2009
Lexus LS II,седан,1995
Lexus LS III,седан,2002
Lexus LS III Рестайлинг,седан,2004
Lexus LX III Рестайлинг,внедорожник 5 дв.,2012
Lexus LX III Рестайлинг 2,внедорожник 5 дв.,2015
Lexus LX III,внедорожник 5 дв.,2007
Lexus LX Arctic Trucks III Рестайлинг 2,внедорожник 5 дв.,2019
Lexus LX II Рестайлинг,внедорожник 5 дв.,2003
Lexus LX II,внедорожник 5 дв.,1998
Lexus NX I Рестайлинг,внедорожник 5 дв.,2017
Lexus NX I,внедорожник 5 дв.,2014
Lexus RC I,купе,2015
Lexus RC F I,купе,2017
Lexus RX III Рестайлинг,внедорожник 5 дв.,2012
Lexus RX IV,внедорожник 5 дв.,2015
Lexus RX III,внедорожник 5 дв.,2009
Lexus RX II Рестайлинг,внедорожник 5 дв.,2006
Lexus RX IV Рестайлинг,внедорожник 5 дв.,2019
Lexus RX II,внедорожник 5 дв.,2003
Lexus RX I,внедорожник 5 дв.,1998
Lexus RX L IV,внедорожник 5 дв.,2018
Lexus SC I,купе,1998
Lexus SC II,кабриолет,2002
Lexus SC II Рестайлинг,кабриолет,2006
Lexus UX I,внедорожник 5 дв.,2019
Volkswagen Amarok Double Cab I,пикап двойная кабина,2010
Volkswagen Amarok I Рестайлинг,пикап двойная кабина,2016
Volkswagen Arteon I,лифтбек,2018
Volkswagen Arteon I Рестайлинг,лифтбек,2020
Volkswagen Beetle II (A5),хэтчбек 3 дв.,2013
Volkswagen Beetle I (A4),хэтчбек 3 дв.,1998
Volkswagen Beetle II (A5),кабриолет,2014
Volkswagen Bora,седан,1998
Volkswagen Caddy IV,компактвэн,2015
Volkswagen Caddy Maxi III Рестайлинг,компактвэн,2011
Volkswagen Caddy Maxi IV,компактвэн,2017
Volkswagen Caddy Kasten III Рестайлинг,фургон,2011
Volkswagen Caddy II,фургон,2000
Volkswagen Caddy III Рестайлинг,компактвэн,2010
Volkswagen Caddy Life III,компактвэн,2005
Volkswagen Caddy Life Maxi III,компактвэн,2008
Volkswagen Caddy Kasten IV,фургон,2015
Volkswagen Caddy Kasten III,фургон,2004
Volkswagen Caddy Kasten maxi III Рестайлинг,фургон,2012
Volkswagen Caddy Alltrack IV,компактвэн,2017
Volkswagen Caddy Kasten Maxi III,фургон,2006
Volkswagen Caddy kasten Maxi IV,фургон,2019
Volkswagen Caravelle T6 Рестайлинг,минивэн,2020
Volkswagen Caravelle LWB T5 Рестайлинг,минивэн,2010
Volkswagen Caravelle Long T6,минивэн,2017
Volkswagen Caravelle SWB T5 Рестайлинг,минивэн,2010
Volkswagen Caravelle T6,минивэн,2015
Volkswagen Caravelle Long T6 Рестайлинг,минивэн,2020
Volkswagen Caravelle T4,минивэн,1991
Volkswagen Caravelle SWB T5,минивэн,2006
Volkswagen Caravelle LWB T5,минивэн,2005
Volkswagen Caravelle T3,минивэн,1988
Volkswagen Eos I,кабриолет,2006
Volkswagen EuroVan T4 Рестайлинг,минивэн,2001
Volkswagen Fox I,хэтчбек 3 дв.,2007
Volkswagen Golf II,хэтчбек 5 дв.,1985
Volkswagen Golf V,хэтчбек 5 дв.,2003
Volkswagen Golf IV,хэтчбек 5 дв.,1997
Volkswagen Golf III,хэтчбек 5 дв.,1991
Volkswagen Golf VII,хэтчбек 5 дв.,2012
Volkswagen Golf VII Рестайлинг,хэтчбек 5 дв.,2017
Volkswagen Golf VI,хэтчбек 3 дв.,2008
Volkswagen Golf V,хэтчбек 3 дв.,2004
Volkswagen Golf V,хэтчбек 5 дв.,2003
Volkswagen Golf VI,хэтчбек 5 дв.,2008
Volkswagen Golf VII,универсал 5 дв.,2016
Volkswagen Golf III,хэтчбек 3 дв.,1991
Volkswagen Golf V,универсал 5 дв.,2008
Volkswagen Golf IV,универсал 5 дв.,2001
Volkswagen Golf VII,хэтчбек 3 дв.,2013
Volkswagen Golf IV,хэтчбек 3 дв.,1998
Volkswagen Golf VII Рестайлинг,универсал 5 дв.,2018
Volkswagen Golf II,хэтчбек 3 дв.,1985
Volkswagen Golf I,кабриолет,1982
Volkswagen Golf III,универсал 5 дв.,1993
Volkswagen Golf I,хэтчбек 3 дв.,1982
Volkswagen Golf Alltrack VII,универсал 5 дв.,2016
Volkswagen Golf Country,внедорожник 5 дв.,1991
Volkswagen Golf GTI VII Рестайлинг,хэтчбек 5 дв.,2018
Volkswagen Golf GTI VII,хэтчбек 5 дв.,2014
Volkswagen Golf GTI VI,хэтчбек 3 дв.,2009
Volkswagen Golf GTI VIII,хэтчбек 5 дв.,2021
Volkswagen Golf GTI VI,хэтчбек 5 дв.,2009
Volkswagen Golf GTI IV,хэтчбек 3 дв.,1999
Volkswagen Golf GTI VII,хэтчбек 3 дв.,2014
Volkswagen Golf GTI VII,хэтчбек 5 дв.,2014
Volkswagen Golf GTI IV,хэтчбек 5 дв.,2000
Volkswagen Golf GTI V,хэтчбек 3 дв.,2007
Volkswagen Golf GTI I,хэтчбек 3 дв.,1979
Volkswagen Golf GTI III,хэтчбек 5 дв.,1993
Volkswagen Golf Plus I,хэтчбек 5 дв.,2005
Volkswagen Golf Plus II,хэтчбек 5 дв.,2010
Volkswagen Golf R VII,хэтчбек 3 дв.,2014
Volkswagen Golf R VII,хэтчбек 5 дв.,2013
Volkswagen Golf R VII Рестайлинг,хэтчбек 5 дв.,2019
Volkswagen Golf R32 V,хэтчбек 5 дв.,2007
Volkswagen Jetta VI,седан,2011
Volkswagen Jetta VI Рестайлинг,седан,2014
Volkswagen Jetta V,седан,2006
Volkswagen Jetta II,седан,1985
Volkswagen Jetta VII,седан,2019
Volkswagen Jetta IV,седан,1999
Volkswagen Jetta II,седан 2 дв.,1986
Volkswagen Jetta IV,универсал 5 дв.,2002
Volkswagen Lupo,хэтчбек 3 дв.,1999
Volkswagen Multivan T6 Рестайлинг,минивэн,2020
Volkswagen Multivan T5,минивэн,2003
Volkswagen Multivan T5 Рестайлинг,минивэн,2009
Volkswagen Multivan T6,минивэн,2015
Volkswagen Multivan Long T6 Рестайлинг,минивэн,2020
Volkswagen Multivan T4,минивэн,1993
Volkswagen Passat B4,универсал 5 дв.,1993
Volkswagen Passat B3,универсал 5 дв.,1988
Volkswagen Passat B6,седан,2005
Volkswagen Passat B5,седан,1996
Volkswagen Passat B8,седан,2015
Volkswagen Passat B3,седан,1988
Volkswagen Passat B5 Рестайлинг,универсал 5 дв.,2001
Volkswagen Passat B8 Рестайлинг,седан,2020
Volkswagen Passat B7,седан,2011
Volkswagen Passat B4,седан,1993
Volkswagen Passat B6,универсал 5 дв.,2006
Volkswagen Passat B8,универсал 5 дв.,2015
Volkswagen Passat B1,хэтчбек 3 дв.,1974
Volkswagen Passat B5 Рестайлинг,седан,2000
Volkswagen Passat B7,универсал 5 дв.,2011
Volkswagen Passat B2,универсал 5 дв.,1986
Volkswagen Passat Alltrack B7,универсал 5 дв.,2012
Volkswagen Passat Alltrack B8,универсал 5 дв.,2016
Volkswagen Passat B5,универсал 5 дв.,1997
Volkswagen Passat B2,хэтчбек 5 дв.,1985
Volkswagen Passat B1,хэтчбек 3 дв.,1974
Volkswagen Passat CC I Рестайлинг,седан,2012
Volkswagen Passat CC I,седан,2009
Volkswagen Passat (North America) I Рестайлинг,седан,2017
Volkswagen Passat (North America) I,седан,2014
Volkswagen Phaeton I,седан,2002
Volkswagen Phaeton Long I,седан,2004
Volkswagen Phaeton I Рестайлинг,седан,2010
Volkswagen Pointer,хэтчбек 3 дв.,2005
Volkswagen Pointer,хэтчбек 5 дв.,2004
Volkswagen Polo V,хэтчбек 5 дв.,2009
Volkswagen Polo III,хэтчбек 5 дв.,1995
Volkswagen Polo V Рестайлинг,седан,2015
Volkswagen Polo VI,лифтбек,2020
Volkswagen Polo V,седан,2010
Volkswagen Polo IV Рестайлинг,хэтчбек 3 дв.,2007
Volkswagen Polo IV Рестайлинг,хэтчбек 5 дв.,2007
Volkswagen Polo III,хэтчбек 3 дв.,1994
Volkswagen Polo III Рестайлинг,хэтчбек 5 дв.,2000
Volkswagen Polo III,седан,1997
Volkswagen Polo III Рестайлинг,хэтчбек 3 дв.,2000
Volkswagen Polo IV,хэтчбек 3 дв.,2003
Volkswagen Polo VI Рестайлинг (EU Market),хэтчбек 5 дв.,2021
Volkswagen Polo IV,хэтчбек 5 дв.,2001
Volkswagen Polo III,хэтчбек 5 дв.,1995
Volkswagen Polo GTI IV,хэтчбек 3 дв.,2007
Volkswagen Santana,седан,1984
Volkswagen Scirocco III,хэтчбек 3 дв.,2008
Volkswagen Scirocco II,хэтчбек 3 дв.,1989
Volkswagen Sharan I,минивэн,1996
Volkswagen Sharan I Рестайлинг 2,минивэн,2004
Volkswagen Sharan II,минивэн,2011
Volkswagen Sharan I Рестайлинг,минивэн,2000
Volkswagen Taos,внедорожник 5 дв.,2021
Volkswagen Teramont I,внедорожник 5 дв.,2018
Volkswagen Teramont I Рестайлинг,внедорожник 5 дв.,2021
Volkswagen Tiguan II,внедорожник 5 дв.,2016
Volkswagen Tiguan II Рестайлинг,внедорожник 5 дв.,2020
Volkswagen Tiguan I Рестайлинг,внедорожник 5 дв.,2011
Volkswagen Tiguan I,внедорожник 5 дв.,2008
Volkswagen Tiguan Allspace II,внедорожник 5 дв.,2018
Volkswagen Touareg III,внедорожник 5 дв.,2018
Volkswagen Touareg II,внедорожник 5 дв.,2010
Volkswagen Touareg I,внедорожник 5 дв.,2002
Volkswagen Touareg II Рестайлинг,внедорожник 5 дв.,2015
Volkswagen Touareg I Рестайлинг,внедорожник 5 дв.,2006
Volkswagen Touran II,компактвэн,2010
Volkswagen Touran I Рестайлинг,компактвэн,2006
Volkswagen Touran III,компактвэн,2016
Volkswagen Touran I,компактвэн,2004
Volkswagen Transporter T6,минивэн,2016
Volkswagen Transporter T4,фургон,1990
Volkswagen Transporter T6,фургон,2016
Volkswagen Transporter T5,фургон,2004
Volkswagen Transporter Long T6 Рестайлинг,минивэн,2021
Volkswagen Transporter Kasten T5 Рестайлинг,фургон,2009
Volkswagen Transporter Long T4,минивэн,1993
Volkswagen Transporter T6 Рестайлинг,минивэн,2020
Volkswagen Transporter T6,пикап двойная кабина,2016
Volkswagen Transporter Long T5,минивэн,2004
Volkswagen Transporter T3,минивэн,1985
Volkswagen Transporter T4,минивэн,1991
Volkswagen Transporter T6 Рестайлинг,фургон,2020
Volkswagen Transporter T5,минивэн,2003
Volkswagen Transporter Long T6 Рестайлинг,фургон,2020
Volkswagen Transporter T4,пикап двойная кабина,1992
Volkswagen Transporter T5 Рестайлинг,минивэн,2010
Volkswagen Transporter Long T6,минивэн,2019
Volkswagen Transporter T3,фургон,1979
Volkswagen Type 1,купе,1972
Volkswagen Type 2 T2,минивэн,1972
Volkswagen Vento,седан,1992
Mitsubishi 3000 GT II,купе,1994
Mitsubishi Airtrek,внедорожник 5 дв.,2001
Mitsubishi Aspire,седан,2002
Mitsubishi ASX I Рестайлинг,внедорожник 5 дв.,2012
Mitsubishi ASX I,внедорожник 5 дв.,2010
Mitsubishi ASX I Рестайлинг 3,внедорожник 5 дв.,2020
Mitsubishi ASX I Рестайлинг 2,внедорожник 5 дв.,2017
Mitsubishi Carisma I Рестайлинг,седан,1999
Mitsubishi Carisma I Рестайлинг,лифтбек,1999
Mitsubishi Carisma I,лифтбек,1995
Mitsubishi Carisma I,седан,1997
Mitsubishi Chariot III,компактвэн,1998
Mitsubishi Colt VI (Z20/Z30),хэтчбек 5 дв.,2003
Mitsubishi Colt IV (CA0),хэтчбек 3 дв.,1992
Mitsubishi Colt V (CJ),хэтчбек 3 дв.,1996
Mitsubishi Colt VI (Z30) Рестайлинг,хэтчбек 5 дв.,2009
Mitsubishi Debonair II,седан,1987
Mitsubishi Delica IV,минивэн,1994
Mitsubishi Delica III,минивэн,1989
Mitsubishi Delica V,минивэн,2014
Mitsubishi Delica D:2 II,микровэн,2017
Mitsubishi Diamante II,седан,1996
Mitsubishi Dingo,хэтчбек 5 дв.,1999
Mitsubishi Dion I,компактвэн,2000
Mitsubishi Eclipse II,купе,1997
Mitsubishi Eclipse I,купе,1992
Mitsubishi Eclipse III,кабриолет,2002
Mitsubishi Eclipse IV,купе,2005
Mitsubishi Eclipse III,купе,2000
Mitsubishi Eclipse Cross I,внедорожник 5 дв.,2018
Mitsubishi FTO,купе,1998
Mitsubishi Galant VIII Рестайлинг,универсал 5 дв.,1999
Mitsubishi Galant VIII,универсал 5 дв.,1997
Mitsubishi Galant VIII Рестайлинг,седан,1998
Mitsubishi Galant IX Рестайлинг 2,седан,2008
Mitsubishi Galant VI,седан,1988
Mitsubishi Galant VIII,седан,1996
Mitsubishi Galant IX,седан,2003
Mitsubishi Galant IX Рестайлинг,седан,2006
Mitsubishi Galant VII,седан,1993
Mitsubishi Galant VII,хэтчбек 5 дв.,1995
Mitsubishi Grandis,минивэн,2004
Mitsubishi GTO I (Z16A),купе,1991
Mitsubishi L200 IV,пикап двойная кабина,2006
Mitsubishi L200 V,пикап двойная кабина,2015
Mitsubishi L200 IV Рестайлинг,пикап двойная кабина,2013
Mitsubishi L200 V Рестайлинг,пикап двойная кабина,2019
Mitsubishi L200 IV,пикап полуторная кабина,2012
Mitsubishi L200 III,пикап двойная кабина,2002
Mitsubishi L200 III,пикап одинарная кабина,1997
Mitsubishi L200 III Рестайлинг,пикап двойная кабина,2004
Mitsubishi L200 II,пикап двойная кабина,1991
Mitsubishi L300 II,минивэн,1991
Mitsubishi Lancer VII,седан,1996
Mitsubishi Lancer IX,седан,2000
Mitsubishi Lancer IX Рестайлинг,седан,2005
Mitsubishi Lancer IX Рестайлинг,универсал 5 дв.,2006
Mitsubishi Lancer X Рестайлинг,седан,2011
Mitsubishi Lancer X,седан,2007
Mitsubishi Lancer X,хэтчбек 5 дв.,2008
Mitsubishi Lancer IX,универсал 5 дв.,2001
Mitsubishi Lancer VI,универсал 5 дв.,1996
Mitsubishi Lancer X Рестайлинг,хэтчбек 5 дв.,2011
Mitsubishi Lancer Cargo CS2V,универсал 5 дв.,2006
Mitsubishi Lancer Evolution VIII,седан,2003
Mitsubishi Lancer Evolution IX,седан,2007
Mitsubishi Lancer Evolution VII,седан,2001
Mitsubishi Lancer Evolution X,седан,2007
Mitsubishi Lancer Ralliart X,седан,2008
Mitsubishi Legnum,универсал 5 дв.,1996
Mitsubishi Libero I Рестайлинг,универсал 5 дв.,2000
Mitsubishi Minicab VI,микровэн,2013
Mitsubishi Mirage Asti V,купе,1997
Mitsubishi Mirage V,седан,1999
Mitsubishi Mirage V,хэтчбек 3 дв.,1998
Mitsubishi Mirage IV,хэтчбек 3 дв.,1992
Mitsubishi Montero III,внедорожник 5 дв.,2000
Mitsubishi Montero II,внедорожник 5 дв.,1995
Mitsubishi Montero Sport I,внедорожник 5 дв.,2000
Mitsubishi Outlander I,внедорожник 5 дв.,2002
Mitsubishi Outlander III,внедорожник 5 дв.,2012
Mitsubishi Outlander III Рестайлинг 2,внедорожник 5 дв.,2015
Mitsubishi Outlander II Рестайлинг,внедорожник 5 дв.,2009
Mitsubishi Outlander II,внедорожник 5 дв.,2006
Mitsubishi Outlander III Рестайлинг 3,внедорожник 5 дв.,2018
Mitsubishi Outlander III Рестайлинг,внедорожник 5 дв.,2014
Mitsubishi Pajero IV,внедорожник 5 дв.,2006
Mitsubishi Pajero IV Рестайлинг 1,внедорожник 5 дв.,2011
Mitsubishi Pajero III Рестайлинг,внедорожник 5 дв.,2002
Mitsubishi Pajero IV Рестайлинг 2,внедорожник 5 дв.,2014
Mitsubishi Pajero III,внедорожник 5 дв.,2000
Mitsubishi Pajero III Рестайлинг,внедорожник 3 дв.,2002
Mitsubishi Pajero II,внедорожник 5 дв.,1992
Mitsubishi Pajero II Рестайлинг,внедорожник 3 дв.,1997
Mitsubishi Pajero II Рестайлинг,внедорожник 3 дв.,1997
Mitsubishi Pajero II Рестайлинг,внедорожник 5 дв.,1997
Mitsubishi Pajero I,внедорожник 5 дв.,1988
Mitsubishi Pajero II,внедорожник 3 дв.,1993
Mitsubishi Pajero IV,внедорожник 3 дв.,2008
Mitsubishi Pajero I,внедорожник 3 дв.,1986
Mitsubishi Pajero iO,внедорожник 5 дв.,1999
Mitsubishi Pajero iO,внедорожник 3 дв.,1998
Mitsubishi Pajero Mini II,внедорожник 3 дв.,2004
Mitsubishi Pajero Mini I,внедорожник 3 дв.,1997
Mitsubishi Pajero Pinin,внедорожник 5 дв.,2001
Mitsubishi Pajero Pinin,внедорожник 3 дв.,2000
Mitsubishi Pajero Sport II Рестайлинг,внедорожник 5 дв.,2013
Mitsubishi Pajero Sport I Рестайлинг,внедорожник 5 дв.,2004
Mitsubishi Pajero Sport III,внедорожник 5 дв.,2016
Mitsubishi Pajero Sport II,внедорожник 5 дв.,2008
Mitsubishi Pajero Sport I,внедорожник 5 дв.,1998
Mitsubishi RVR II,компактвэн,1997
Mitsubishi RVR I,компактвэн,1993
Mitsubishi Space Gear I Рестайлинг,минивэн,1998
Mitsubishi Space Gear I,минивэн,1995
Mitsubishi Space Runner I,компактвэн,1992
Mitsubishi Space Star I Рестайлинг,компактвэн,2003
Mitsubishi Space Star I,компактвэн,1999
Mitsubishi Space Wagon III,компактвэн,1998
Mitsubishi Space Wagon II,компактвэн,1992
